//! The arrays behind `imatrix_golden`: sixteen real BF16 super-blocks,
//! their imatrix columns, and `llama-quantize --imatrix` b7650's bytes
//! for them. Generated; see the parent module for what each is.

/// Sixteen super-blocks of BF16 weights as their 16-bit patterns: two
/// whole 1024-wide rows, then eight single super-blocks.
pub(super) const BLOCKS_BF16: [u16; 16 * 256] = [
    0x3b5f, 0xbb63, 0xbc50, 0x3ca7, 0x3c6a, 0xbb65, 0xbb23, 0x3ca6, 0xbc4e, 0xbc7c, 0xba96, 0x3d0c,
    0x3b1c, 0xbc48, 0xbc15, 0x39eb, 0xbccb, 0xbc60, 0x3996, 0xbbef, 0x3c90, 0x3bb5, 0xbb18, 0x3bdb,
    0xbbb5, 0x3d09, 0xbce5, 0xbaf5, 0x3c9c, 0x3b83, 0x3d19, 0x3ca8, 0xbc7a, 0x3b47, 0xbc23, 0xbc05,
    0xbc36, 0x3b73, 0xbce2, 0xbc03, 0x3c49, 0xbb8f, 0x3b7f, 0x3cd7, 0xbc79, 0xbcc1, 0xbc3a, 0xbca0,
    0x3be6, 0x3cc4, 0x3bf5, 0x3c10, 0xbc91, 0x3b90, 0x3c9a, 0xbcb9, 0x3cb9, 0xbc47, 0xba9d, 0xbb9a,
    0x3cc4, 0x3c27, 0xbd54, 0x3cad, 0xba29, 0x3ad2, 0x3c9c, 0x3ba9, 0x3b4b, 0xb9ad, 0xbbe5, 0x3c17,
    0x3c99, 0xbbba, 0xbcd6, 0x3c54, 0xbcec, 0xbba1, 0xbb05, 0xbc48, 0xbc12, 0x3c5c, 0xbc88, 0xbc87,
    0x3c40, 0xbc91, 0xbbc1, 0xbb0c, 0xbc28, 0x394a, 0xbcc4, 0x3b30, 0x3b15, 0xbc0e, 0x3ba3, 0x3c1f,
    0xbc3c, 0x3c44, 0xbc58, 0x3bf4, 0x3c7d, 0xbc29, 0x3d23, 0xbc0f, 0xbbe8, 0xbb1f, 0x3bd8, 0xbb7b,
    0xbc29, 0xbd2b, 0xbc8d, 0x3c29, 0x3c84, 0xbc49, 0x3c1d, 0x3c31, 0x3cf5, 0xbb36, 0xbbe2, 0xbb4f,
    0xbb72, 0x38c5, 0x3bf0, 0x3c6f, 0x3c81, 0xbc0d, 0xba5c, 0x3b9b, 0xbcf9, 0xbb2b, 0x3c13, 0x3c03,
    0x3a75, 0xbc33, 0x3c69, 0x3c7f, 0xbc05, 0xbc41, 0x3c1a, 0xbb02, 0x3b4f, 0x3c98, 0x3c7e, 0x3ba6,
    0x3c1c, 0x3c0c, 0x3ad6, 0x3c3b, 0xbc80, 0xbc0a, 0xbc30, 0xbb02, 0x3bcf, 0x3b62, 0x3c73, 0x3ca7,
    0x3bb9, 0xbc40, 0xbcdc, 0x3cf6, 0xbb94, 0xbc21, 0xbaf8, 0xbba1, 0x3ab1, 0xbc5d, 0xbb4b, 0xba8a,
    0xbc01, 0x3b8f, 0xbb1b, 0xbc98, 0xb811, 0x3c41, 0xbc7c, 0x3af0, 0xbc47, 0x3af0, 0xbc6d, 0xbc75,
    0x3c9b, 0xbc0e, 0xbc24, 0xbbff, 0xba89, 0xbc53, 0xbbdf, 0x3c50, 0xbcd7, 0xbb13, 0xbc0b, 0x3bad,
    0x3be9, 0x3bdf, 0x3b82, 0xbc0c, 0x3c6d, 0x3a88, 0xbb0f, 0xbc64, 0x3c70, 0x3c0a, 0xbc01, 0x3caa,
    0xbbe0, 0xbc74, 0xbc43, 0xbc94, 0x3c2d, 0x3c54, 0x3af7, 0xbc0b, 0xbcac, 0x3b2f, 0xbbb3, 0xbb23,
    0x3ac8, 0x3b8a, 0xbb13, 0x3c58, 0x3c82, 0x3c74, 0xbca9, 0xbbfd, 0xbb53, 0xbacf, 0x3c9a, 0x3c49,
    0x3c06, 0x3b66, 0x3b13, 0xbcb7, 0x3b5c, 0xbb0a, 0xbc25, 0xbbf4, 0x3c60, 0x3b81, 0x3c6a, 0x3cf2,
    0xbc41, 0x3c19, 0xbaf9, 0xbc40, 0x3c43, 0x3c2d, 0x3c1f, 0x3b6d, 0x3c86, 0x3c34, 0x3c64, 0xb97d,
    0xbcac, 0xbb6a, 0x3b6a, 0x3c86, 0xbc3f, 0xbc5c, 0x3b89, 0xbc04, 0x3c4d, 0x3901, 0x3bd3, 0xbbaf,
    0xbbe7, 0x3c8e, 0x3bcc, 0xbc14, 0xbc98, 0xbc77, 0x3b91, 0x3c2d, 0x3ac1, 0x3ccf, 0xbca6, 0xba0c,
    0x3c62, 0xbc89, 0x3c33, 0x3bc6, 0xbb9f, 0xbc53, 0xbca2, 0xbaa4, 0x3b9a, 0x3b18, 0xba7e, 0x3b61,
    0x3cdf, 0xbc52, 0x3bc3, 0x3c46, 0x3c98, 0x3c9a, 0x3a62, 0xbcc4, 0x3c8b, 0x3bd5, 0xbcaf, 0x3c31,
    0x3cf5, 0x3cd8, 0xbaa3, 0x3c22, 0xbc24, 0x3c95, 0xbb68, 0x3c0e, 0xbc90, 0x3c80, 0x3b1d, 0xbb13,
    0x3be2, 0xbc23, 0x3bf6, 0xbc80, 0xbc5d, 0x3b2a, 0x3a11, 0x3c3e, 0xbc90, 0xbced, 0xbb23, 0xbc32,
    0xbc8e, 0x3c12, 0xbc7d, 0x3c17, 0x3bda, 0xbba1, 0xbc1b, 0x3c64, 0xbc82, 0x39ad, 0xbba7, 0x3c95,
    0x3b81, 0xbbf7, 0xbc05, 0x3c85, 0xbba7, 0x3b6d, 0x3b7b, 0xbc78, 0xba66, 0xbc81, 0xbc2e, 0x3b8b,
    0x3c83, 0xbc78, 0xbc02, 0x3c3c, 0xbb9a, 0x3a80, 0xbc33, 0xbc64, 0x3c17, 0x3bab, 0xbc4b, 0xbc4c,
    0xbca8, 0xbb7d, 0x3bfa, 0x398b, 0xbbe5, 0x3bc8, 0x3be8, 0x3c92, 0x3bb1, 0x3c44, 0x3b64, 0xbc26,
    0x3bee, 0xbc1b, 0xbb59, 0xbccc, 0xb993, 0x3c7d, 0x3bdf, 0x3ab8, 0x3aea, 0xbb64, 0x3c98, 0xbbc2,
    0x3bf2, 0xbc30, 0x3cbd, 0x3a6e, 0xbb03, 0x3c29, 0xbc12, 0x3cd3, 0xbb7e, 0x3a83, 0x3caa, 0xbc53,
    0xbd10, 0x3b22, 0x39bb, 0x3b55, 0xbc03, 0x3bfb, 0xbae9, 0x3bc6, 0x39de, 0x3b5a, 0xbc5d, 0xbc71,
    0xbc79, 0x3b84, 0xb9d1, 0xbc01, 0xba6c, 0x3bda, 0x3bb8, 0x3c83, 0x3bc0, 0xbc24, 0x3a31, 0x3cec,
    0xbcc2, 0xbb9f, 0xbb7d, 0xbc81, 0x3bbf, 0xbc10, 0xbbd1, 0x3aef, 0x3c48, 0xbcb0, 0x3ba6, 0x3c3b,
    0xbb97, 0x3b53, 0xbc92, 0xbc0b, 0x3b4c, 0xbb70, 0xbc25, 0xbc1c, 0xbbb4, 0x3b8e, 0xb901, 0x3c9d,
    0xbcc0, 0xbc81, 0x3bdc, 0x3c32, 0x397a, 0xbb77, 0x3b5b, 0xbba7, 0xbbbe, 0xbccd, 0x3c67, 0x3b2c,
    0xbb9d, 0x3ba1, 0x3ce0, 0x3a8c, 0x3ae9, 0x3abe, 0x39a3, 0x3c18, 0xbc95, 0xbb9b, 0xbccf, 0x3bb2,
    0x3c85, 0x3bb2, 0x3a96, 0xbc93, 0xbbb9, 0xbbc5, 0x3c0d, 0x3c98, 0xbbf0, 0xbb23, 0x3c21, 0xbc64,
    0x3c4a, 0x3b36, 0xbc73, 0xbc2a, 0xba96, 0xbacf, 0x3b00, 0x3c1f, 0xbbb3, 0x3c13, 0xbaec, 0xbc83,
    0xbc2e, 0x3bf7, 0x3c8a, 0xbc9e, 0xbb0f, 0x3c42, 0xbb95, 0xbc31, 0xbcbc, 0xbbe7, 0xbc62, 0x3ccb,
    0x3bdc, 0x3bde, 0x3b32, 0xbc31, 0xbc12, 0xbc82, 0x3c6b, 0xbb60, 0xbb89, 0x3c83, 0xbca3, 0xbc6c,
    0xbb9b, 0x3c5b, 0x3c2d, 0x3a28, 0x3b66, 0xbb37, 0x39b0, 0xbc9a, 0xbc83, 0x3c8d, 0xbbb9, 0x3b9e,
    0xbbb2, 0x3b26, 0xbacc, 0xbc79, 0xbcd2, 0xbbd5, 0xbc83, 0xbc25, 0x3c1a, 0xbc3d, 0x3cd9, 0xbc3d,
    0x3bcb, 0xbc90, 0x3c24, 0x3c24, 0x3c91, 0x3c38, 0x3bce, 0xbc37, 0x3b98, 0xbca3, 0xbbff, 0xbcc0,
    0xbc83, 0x3b8a, 0xbc35, 0x3b5f, 0x3c8f, 0x3c2b, 0x3c96, 0xbb0e, 0xbbb9, 0x3cb0, 0x3c76, 0x3c91,
    0x3b49, 0xbc2d, 0xbbbe, 0x3c42, 0x3cb1, 0x3b7b, 0xbb3f, 0x3c98, 0x3c7b, 0xbaca, 0xbbdd, 0x3c21,
    0x3c31, 0xbcd8, 0xbc51, 0xbc54, 0x3b6f, 0x3cb8, 0x3c8e, 0xbc8d, 0xbc60, 0x3bb6, 0x3c53, 0xbbc8,
    0x3adc, 0x39aa, 0x3a68, 0x3c0c, 0xbc22, 0x3c4c, 0x3c4c, 0x3c35, 0x3c9d, 0x3b26, 0x3cb3, 0xbc53,
    0xbaf0, 0xb983, 0x3c2b, 0xbc16, 0xbb10, 0x3c4d, 0xbbb5, 0xbc5e, 0x3c8d, 0x3c62, 0xbc04, 0x3c02,
    0x3cc0, 0xbb08, 0x3bec, 0xb90b, 0x3c15, 0x3c82, 0x3c31, 0xbb45, 0xbb56, 0xbbf0, 0x3c23, 0xbbc0,
    0x3c57, 0xbbfb, 0x3b80, 0xbc90, 0xbc16, 0xbb97, 0xbbe7, 0x3bd5, 0x3b39, 0xbc85, 0xba83, 0x3bc4,
    0xbc60, 0x3c5b, 0xba24, 0x3b26, 0x3c70, 0xbbd4, 0x3c18, 0xba21, 0xbb47, 0xbbd6, 0x3b22, 0xbbc4,
    0xbc95, 0x3c87, 0xbc35, 0x3aeb, 0xbcd6, 0x3d00, 0x3bbc, 0x3b62, 0xbced, 0x3c22, 0x3a7d, 0xbb8f,
    0xbbfe, 0xbc2e, 0xbc85, 0x3c4f, 0xbb96, 0x3b8b, 0x3b50, 0x3bfb, 0x3c1a, 0xbcb7, 0xbb99, 0xbc94,
    0xbacf, 0xbc89, 0x3bb3, 0x3c08, 0x3c30, 0x3c8c, 0x3bac, 0x3c26, 0xbc94, 0x3b93, 0xbc42, 0x3b57,
    0x3bfa, 0x3c81, 0x3bc3, 0x3897, 0x3be8, 0xbbdf, 0x3c4d, 0xbc38, 0xbcad, 0xbc52, 0xbad7, 0xbb7c,
    0x3939, 0xba15, 0xbbd3, 0x3b1a, 0xbc73, 0x3b17, 0x3b80, 0x3c02, 0xbb99, 0xba50, 0xbcde, 0x3bc1,
    0xbb06, 0xbc89, 0xbc3e, 0xbc13, 0x3ae3, 0xbb5e, 0x3952, 0x3c73, 0x3a52, 0xbc81, 0xbc11, 0xbbf0,
    0x398a, 0xbca8, 0xb9e0, 0xbbdf, 0x3ce5, 0x3b8a, 0x3b85, 0x3b63, 0x3b8b, 0x3c67, 0x3c09, 0xbbec,
    0x3c8c, 0xbcad, 0x3c1a, 0x3c13, 0x3b12, 0xbbb5, 0xbb31, 0x3cbd, 0xbcdc, 0x3c1c, 0x3bef, 0x3bc7,
    0xbc4c, 0xbba2, 0x3c91, 0xbc62, 0x3cca, 0x3c28, 0x3d0d, 0xbb57, 0x3b1b, 0x3c2a, 0x3c08, 0x3cbb,
    0x3c30, 0xbbbe, 0x3c33, 0x3bf8, 0x3ad0, 0xbc02, 0x3c22, 0xbc68, 0xbc9f, 0xbc06, 0xba8c, 0x3bbd,
    0x3bc7, 0x3c63, 0x3957, 0xbbd7, 0x3c22, 0xbb85, 0x3c91, 0x3c3d, 0x3c5e, 0xbcdd, 0x3c0f, 0x3ba5,
    0x3bc5, 0xbbec, 0x3b61, 0x3c28, 0xbc89, 0xbba9, 0xbcc2, 0x3c7d, 0x3cd1, 0x3b90, 0xbb9b, 0x3bcc,
    0x3c04, 0xbb26, 0xbc72, 0x3a21, 0xbc8f, 0x3c07, 0x3c38, 0xbb52, 0xbca1, 0x3c5f, 0xbc21, 0x3a40,
    0x3c12, 0x3c67, 0xbcaf, 0x3ca4, 0x3b8c, 0x3cc4, 0xbb0f, 0x3c8a, 0xbc41, 0xbc04, 0x3c77, 0x3b44,
    0xbc2e, 0x3b27, 0xbb9f, 0x3c96, 0xbc96, 0xbc11, 0xbc1a, 0x3bad, 0xbc81, 0x3a73, 0x3a04, 0xbc30,
    0x3b43, 0xbba1, 0xbb75, 0x3b11, 0x39e1, 0x3c7c, 0xbabb, 0xbc47, 0xbb69, 0xbbc1, 0x3b9a, 0xbc88,
    0xbc1c, 0xbb77, 0xbbef, 0xbbe7, 0xbba1, 0xbb2c, 0x3bfb, 0x3ca9, 0xba4f, 0xbbb6, 0xbac0, 0x3c4b,
    0x3c77, 0xbc92, 0xbbfb, 0xbc2e, 0x3c71, 0x3bf5, 0xba0f, 0xbc2e, 0x3b90, 0x3c31, 0x3a94, 0x3c90,
    0x3a81, 0x3af5, 0x3bab, 0xb9cb, 0x3c20, 0x3cd1, 0x3c35, 0x3bda, 0xbc4a, 0x3a61, 0xbbbf, 0x3b16,
    0x3af7, 0xbaf5, 0x3ad7, 0x3c26, 0xbca2, 0xba1f, 0xbc88, 0x3b08, 0xbb19, 0xbb06, 0xbc9f, 0x3c92,
    0x3a11, 0x3b5d, 0x3d01, 0x3b23, 0xbc84, 0x3c40, 0x3c71, 0x3be8, 0x3bbd, 0x3c63, 0xbbf4, 0xbb55,
    0xbc8c, 0x3c90, 0xbb8b, 0x3bd4, 0x3b6f, 0x389f, 0xbc89, 0x3c98, 0xbb13, 0xbc18, 0x3bbf, 0x3bf7,
    0xbaeb, 0xbbb9, 0x3c11, 0x3b83, 0x3c23, 0x3b22, 0x3b85, 0xbbcf, 0x3bdf, 0x3ca1, 0x3a85, 0xba40,
    0x3bb9, 0xbc5b, 0xbc7c, 0x3bbb, 0x3b3a, 0xbb72, 0xbc4b, 0x3c85, 0x3a01, 0x3c45, 0xbc4e, 0x3ac7,
    0x3b97, 0x3c64, 0x3b43, 0x3bfe, 0xbb21, 0x3b5f, 0x3c22, 0x3c54, 0x3bb2, 0x3c0f, 0xbaee, 0x3c58,
    0xbbcf, 0x3c03, 0xbc74, 0x3b19, 0xba45, 0x3cde, 0xba05, 0x3c7b, 0xbc23, 0x3ac6, 0xbbf5, 0xbb99,
    0xbb03, 0x3aa4, 0x3905, 0xbb19, 0xbaad, 0xbce5, 0xbc9a, 0x3b58, 0x3bd3, 0xbb77, 0xbb3e, 0xbbf3,
    0x3aee, 0x3c2d, 0x3b35, 0xbbca, 0xbc59, 0x3b16, 0xbb96, 0x3be7, 0x3b4c, 0x3b99, 0xbc10, 0xbc62,
    0xbc0c, 0x3c43, 0xbb7d, 0xba11, 0x3aeb, 0x3b3c, 0x3b77, 0xbb93, 0xbc78, 0xbba6, 0x3c94, 0x3c81,
    0x3ac1, 0xbba6, 0xbc29, 0xbad6, 0xbc4f, 0x3cdb, 0xba4c, 0x3cba, 0xbc11, 0x3c13, 0xbbab, 0x3c63,
    0x3bc5, 0xbc1c, 0x3c40, 0xbc0d, 0xbc9f, 0x3b38, 0x3cdc, 0xbbbe, 0x3c1d, 0x3955, 0xbb9e, 0x3a39,
    0x3849, 0x3c35, 0xbbbe, 0xbb1d, 0xbc69, 0x3b32, 0x3cdb, 0xbaba, 0x3bad, 0xbc94, 0xbca8, 0xbc69,
    0xbc3f, 0xbd05, 0xbc7f, 0x3d3e, 0xbd2d, 0x3c0b, 0xbc3c, 0x3d2e, 0x3c8a, 0xbcde, 0xbcd5, 0xbcb4,
    0xbc6d, 0xbd3f, 0xbc04, 0xbc39, 0xbcfc, 0xbd36, 0xbc32, 0x3c90, 0xbca9, 0x3b13, 0xbd4c, 0x3bf7,
    0xbdb0, 0x3cdd, 0x3d17, 0x3b42, 0xbd00, 0xbc71, 0x3be4, 0xbbd2, 0x3d6f, 0x3c83, 0xbd01, 0x3cfb,
    0x3d30, 0xbaf0, 0xbd3f, 0xbc9e, 0x3baf, 0xbc51, 0x3c23, 0x3c6b, 0x3d08, 0xbc19, 0x3d36, 0x3c4b,
    0x3c91, 0x3bb2, 0x3bed, 0x3bef, 0xbb6d, 0xbc21, 0x3cbd, 0x3cbd, 0xbb44, 0x3c5b, 0xbc08, 0xbcf0,
    0x3c91, 0xbc9e, 0x3d06, 0xbbd5, 0xbbe1, 0x3ca9, 0xbc97, 0xbc97, 0xba81, 0x3d3a, 0x3bfb, 0x3d10,
    0x3c0c, 0xbc95, 0xbca3, 0xbd12, 0xbc9f, 0x3cac, 0xbc7b, 0x3b37, 0xbcbc, 0xbca7, 0xbd33, 0x3d2e,
    0x3cdf, 0xba5f, 0x3b87, 0x3b64, 0xbb47, 0x3caf, 0x3c44, 0xbbf8, 0xbbbf, 0x3d24, 0xbc73, 0x3c52,
    0xbc55, 0xbc7d, 0x3c00, 0x3d01, 0xbc8c, 0x3d8f, 0x3c68, 0x3c28, 0x3c1c, 0xbb8e, 0xbcbf, 0x3cb2,
    0xbc50, 0x3c92, 0xbccd, 0x3cc5, 0x3caf, 0xbce5, 0xbc9f, 0x3c5b, 0xba9a, 0x3b8e, 0xbbba, 0x3b6e,
    0x39ea, 0xbcf8, 0x3c11, 0x3cdb, 0xbbdf, 0xbcee, 0xbc98, 0xb8aa, 0x3c63, 0xbcf8, 0x3c34, 0xbcea,
    0xbc1f, 0x3bef, 0x3c02, 0x3c82, 0x3b50, 0x3bbb, 0xbc1a, 0xbc2c, 0x3c14, 0xbcfc, 0xbc40, 0x3d6e,
    0xbc19, 0x3a3e, 0x3985, 0x3c89, 0xbcad, 0xbc9b, 0x3d01, 0xbc24, 0xbc31, 0xbbc2, 0x3c18, 0xbcc7,
    0x3b07, 0x3c98, 0xbc92, 0x3cfe, 0x3cb4, 0x3c20, 0xbc6b, 0xbc5b, 0x3d37, 0x3a17, 0x3a6c, 0xbb7f,
    0xbbd1, 0xbc86, 0x3cf1, 0x3d13, 0xbbfb, 0x3d03, 0x3c10, 0x39c3, 0xbc35, 0x3b1c, 0x3d13, 0x3b7f,
    0xbc10, 0x3c9c, 0xbd14, 0xbc0d, 0xbcf3, 0x3cb6, 0xbc18, 0xbcb1, 0xbb21, 0x3cc5, 0x3c25, 0xbc1d,
    0xbc96, 0xbd36, 0xbbbe, 0x3c6c, 0xbb67, 0x3b83, 0xbd0d, 0x3b50, 0x3c0a, 0x3bb9, 0xbc29, 0x3d0d,
    0x3cd9, 0x39ce, 0x3d11, 0x3c8c, 0xbc09, 0x3c48, 0xbce3, 0x3caa, 0x3d30, 0xbb55, 0x3d04, 0x3c57,
    0xbbb4, 0x3a83, 0x398f, 0xbc63, 0xbcd4, 0x3c80, 0x3ccf, 0xbbcb, 0x3c6e, 0x3c29, 0x3d1b, 0xbba5,
    0x3d43, 0xbc29, 0x3cc6, 0x3d08, 0xbcb0, 0x3c7e, 0xbc97, 0xbcdb, 0xbcb2, 0x3b3d, 0x3ce3, 0x3d2d,
    0x3c2f, 0x3c08, 0x3c22, 0x3d12, 0x3c59, 0xbb10, 0x3c8d, 0x3b39, 0xbcd9, 0x3cf5, 0x3bd8, 0xbd60,
    0xbbac, 0x3c8d, 0xbd11, 0xbbaf, 0xbc5e, 0x3c9c, 0x3c9e, 0x3c71, 0xbc8d, 0xbd03, 0x3cbf, 0x3bda,
    0x3c93, 0x3c6d, 0xbcb1, 0x3d03, 0xbcbe, 0xbc29, 0xbcce, 0xbadb, 0x3cf5, 0xba59, 0xbbc2, 0xbcd8,
    0x3adf, 0x3bcf, 0xbcdf, 0xbc3e, 0xbcad, 0xbc69, 0xbd2a, 0x3d07, 0x3ce7, 0xbb3d, 0xbbc7, 0x3b07,
    0xbce6, 0x3cf3, 0x3bf0, 0x3bf3, 0x3c85, 0xba54, 0x3bfc, 0xbb74, 0x3cc5, 0x3c08, 0x3ae6, 0x3a0a,
    0xbb4d, 0xbc26, 0x3b95, 0x3be2, 0xbc29, 0xbcee, 0x3c2b, 0x3d1a, 0xbc42, 0xbc87, 0x3cd0, 0x3b01,
    0x3c74, 0xbc1e, 0x3a68, 0x3c7f, 0xbb23, 0xbd13, 0xbcc0, 0x3acc, 0x3b7f, 0x3c8e, 0xbd18, 0xbb1a,
    0x3d02, 0xbc93, 0xbb91, 0xbb96, 0x3c2b, 0x3c49, 0xbc6a, 0x3bf6, 0x3d10, 0xbcbf, 0x3ca9, 0x3b9f,
    0xbc42, 0xbcbe, 0xbc4c, 0x3c18, 0xbc38, 0x3c59, 0x3cf2, 0xbcc5, 0x3cc7, 0x3d13, 0x3aac, 0x3cde,
    0xbb59, 0x3c91, 0xbcae, 0xbc47, 0xbc39, 0x3c2e, 0x3c1f, 0xbc46, 0xbc2b, 0xba7d, 0xbc11, 0xbaa5,
    0xbc6e, 0x3baa, 0xbaae, 0x3cbf, 0xbbcf, 0xbcc6, 0xbc80, 0x3c53, 0x3bd7, 0xbd08, 0x3c95, 0xbbb6,
    0x3c29, 0x3a09, 0xbd04, 0x3cdd, 0xbc6b, 0xba80, 0xbbfe, 0xbbb4, 0x3b2b, 0x3adf, 0x3c8c, 0xbce4,
    0x3b5c, 0x3d23, 0xbb28, 0x3bef, 0x3d4a, 0x3a83, 0xbb3a, 0x3c8b, 0x3ca1, 0xbcda, 0x3c08, 0x3b38,
    0x3c09, 0xbc83, 0xbccc, 0xbc2a, 0x3ca0, 0x3b42, 0x3bcf, 0x3aff, 0xbb59, 0xbd2e, 0x3cf4, 0x3bbf,
    0x3c00, 0xbc34, 0x3ab9, 0x3c79, 0x3c81, 0xbc40, 0x3b2b, 0x3bd8, 0x3bf1, 0xbc7c, 0xbc68, 0x3c10,
    0xbb65, 0xbc16, 0x3c36, 0xbad0, 0xbca1, 0xbc5c, 0xba94, 0x3caa, 0xbc86, 0xbc95, 0x3c31, 0x3cd1,
    0x3b6e, 0x3b81, 0xbaad, 0xbc2e, 0x3bf0, 0x3aa6, 0x3b90, 0xbc92, 0xbb5c, 0xbb0a, 0xbc81, 0xbba9,
    0xbb32, 0xbbc7, 0x3c6a, 0x3d22, 0xbc9f, 0x3ca3, 0xbcca, 0xba61, 0x3c94, 0x3ba8, 0x3d1f, 0x3aab,
    0xbc85, 0x3cb1, 0x3b42, 0x3cb7, 0xb9cd, 0xbd16, 0xbb53, 0xbc99, 0x3cb0, 0x3b55, 0xbcaa, 0x3c38,
    0x3ca7, 0xbcbe, 0xbb73, 0x3ca5, 0x3c17, 0x3951, 0x3c2c, 0x3c54, 0xbcf1, 0x3c1d, 0x3c05, 0x3cd6,
    0x3c8b, 0xbaa3, 0xbc90, 0x3a3d, 0x3c88, 0x3c06, 0xbc6c, 0xbc08, 0xbd86, 0x3c51, 0x3c95, 0xbc2e,
    0x3b92, 0xbbc6, 0xbbf7, 0x3c81, 0x3b18, 0xbc67, 0x3c78, 0x3b00, 0xbceb, 0xbb9a, 0x3cdf, 0x3cc9,
    0xbbad, 0x3cbc, 0x3c48, 0xbca9, 0x3b7a, 0x3b0b, 0x3c29, 0x3c1a, 0xbd02, 0xbc81, 0xbc19, 0x3b3e,
    0xbd15, 0xbc5e, 0xbc54, 0x3b14, 0xbcb3, 0x3c8f, 0x3bf4, 0x3aef, 0x3c0a, 0xbc16, 0xbcea, 0x3cef,
    0xbcc9, 0xbc6d, 0x3c3a, 0x397c, 0x3c29, 0xbc80, 0xbba5, 0x3971, 0x3bf4, 0xbb22, 0x3ca0, 0x3b86,
    0xbcb6, 0xbb74, 0xbb64, 0x3c65, 0x3b46, 0xbc40, 0xbc78, 0xbc18, 0x3c85, 0x3c37, 0x3c86, 0xbcc3,
    0xbb85, 0x3cbe, 0x3c2e, 0xbcf5, 0xbc5b, 0x3bad, 0x3b5b, 0x3ba3, 0xbc98, 0x3c8d, 0x3c28, 0xbc7b,
    0x3c13, 0xbc84, 0xbb8e, 0x3c04, 0x3cb1, 0xbbe7, 0xbd2e, 0xbc92, 0xbbf1, 0xbc47, 0x3b9a, 0x3c85,
    0xbcab, 0xbbf6, 0x3be7, 0x3bd7, 0xbc50, 0xbc1d, 0x3cae, 0xbce6, 0x3cd0, 0xbb9b, 0x3c58, 0x3ca4,
    0x3ce2, 0xbc4c, 0x3c19, 0x3cfc, 0x3ca0, 0xbbfc, 0xbb22, 0xbbc0, 0xbc49, 0x3cc8, 0xbc20, 0xbc0c,
    0xbada, 0x3c50, 0xbc10, 0xbc4d, 0xbc21, 0xbbc5, 0x3bc4, 0xbbfe, 0x3bff, 0xb9d6, 0x3d27, 0xbc8a,
    0x3b54, 0x3d03, 0x3c39, 0x3c6d, 0x3c9d, 0xbc35, 0xbbfe, 0xbce0, 0xbb85, 0xbc41, 0x3c4d, 0xbb4b,
    0x3b6e, 0x3be4, 0xbc68, 0xbc28, 0xbc2a, 0xbc1c, 0xbc8e, 0x3c98, 0x3c72, 0xbd30, 0xba1d, 0xbb61,
    0xbc14, 0x3b46, 0x3b7c, 0xbb21, 0x3c97, 0xbbb9, 0xbc01, 0xbca1, 0xbc8e, 0x3bba, 0xbcaa, 0x3cc6,
    0xbcfe, 0x3cff, 0x3c2e, 0x3c5a, 0xbc90, 0x3c44, 0xbcd4, 0x3cf1, 0x3cd8, 0x3ca2, 0x3c48, 0xbd1c,
    0x3c1a, 0x3c88, 0x3beb, 0x3b81, 0xbb3e, 0xbc37, 0xbd00, 0xbb89, 0xbb80, 0x3c5e, 0x3c8d, 0xbb8a,
    0x3c00, 0xbc2b, 0x3ce9, 0xbc9c, 0x3c63, 0x3b36, 0xbc7a, 0x3c28, 0x3d0c, 0xbc8e, 0xbce6, 0xbbb8,
    0x3bb1, 0xbcec, 0x39f7, 0x3b04, 0xbb3b, 0x3ad1, 0x3c93, 0xbc6a, 0x3c02, 0x3c9e, 0xbc97, 0x3bbb,
    0xbcda, 0x3cd1, 0x3c95, 0x3c89, 0x3c41, 0xbc2a, 0xbcfa, 0x3cfc, 0x3b48, 0x3c01, 0x3c61, 0x3c5a,
    0x39a8, 0xbbee, 0x3c98, 0xbc8f, 0x3be7, 0xbb31, 0xbb3a, 0xbafb, 0xbcd0, 0x3c70, 0xbbfa, 0xbcce,
    0x3c96, 0xbc0d, 0xbcbc, 0xbad7, 0x3c2f, 0xbbf9, 0xbc12, 0xbc2e, 0xbbd6, 0xbc7d, 0x3c7d, 0x3a20,
    0xbc6d, 0xba0d, 0x3c81, 0xbc43, 0x3b4a, 0x3c90, 0xbbf9, 0x3c7c, 0xb858, 0x3c7a, 0x3a36, 0xbb14,
    0x3c77, 0x3cc9, 0x3c54, 0x3bf0, 0x3b0c, 0x3c6b, 0x3bb0, 0x3b5f, 0xbc77, 0x3cdf, 0xbc40, 0x3c03,
    0x3a12, 0x3c91, 0xbc32, 0xbcb3, 0xbcac, 0xbc3e, 0xbcfc, 0x3c11, 0xbc70, 0x3b52, 0x3c8a, 0xbd0b,
    0xbba9, 0x3c9e, 0x3ce2, 0x3cb0, 0xbb54, 0xbbbb, 0xbcef, 0xb99d, 0xbcb8, 0xbd63, 0xbc7e, 0xbc89,
    0x3c83, 0x3c7d, 0xbc82, 0xbb3f, 0xb892, 0x3c1f, 0x3bae, 0xbbe5, 0xbc8a, 0x3d0b, 0x3b38, 0xbc1c,
    0xba35, 0xba7f, 0xba8f, 0x3bfa, 0x3bb9, 0xbcce, 0x3cdf, 0xbc05, 0xbcb2, 0x3cba, 0xbbbf, 0xbc35,
    0x3bd3, 0xbb4d, 0x3d20, 0xbc40, 0xbc9b, 0xbb91, 0x3c50, 0xbbdd, 0xbb0a, 0xbd12, 0xbb92, 0x3b3e,
    0xbb04, 0x3c58, 0x3c52, 0x3c56, 0xbc08, 0x3c48, 0x3be4, 0xbbbf, 0x3c90, 0xbbd4, 0xbc86, 0xbce2,
    0x3d3a, 0xbcca, 0x3c7c, 0xbc96, 0x3bc3, 0xbc57, 0xbc84, 0x3c9c, 0x3c87, 0xbb54, 0x3bad, 0xbc1b,
    0xbb56, 0x3c8c, 0xbcc6, 0xbbe5, 0x3c3e, 0x3d38, 0x3c98, 0x3c77, 0x3bb6, 0x3bec, 0xbc9b, 0x3cc0,
    0xbb38, 0xbbc7, 0x3c5f, 0xbd16, 0x3c49, 0x379b, 0x3ca8, 0x3cc9, 0x3b9c, 0x3c26, 0xbac9, 0xbc86,
    0xbb63, 0xbcb6, 0xbb36, 0xbc48, 0xbc02, 0x3ccf, 0x3cc7, 0x3cca, 0xbc1a, 0x3c9e, 0xbd41, 0xbc7e,
    0x3c9e, 0x3cce, 0xbbab, 0x3ac9, 0xbca7, 0x3bac, 0x3b99, 0xbb1d, 0x3b33, 0x3c6a, 0xbc6f, 0xbc06,
    0x3cf7, 0xbb3c, 0x3c29, 0x3b7a, 0xbc63, 0x3c29, 0x3cd2, 0xba62, 0xbc8f, 0xbc41, 0x3b9e, 0x3af5,
    0x3c02, 0x3d14, 0xbbb9, 0x3b7d, 0x3bc6, 0xbce7, 0x3cba, 0x3c55, 0x3a92, 0xbd12, 0x3cd8, 0x3bfc,
    0xb9a4, 0x3ccf, 0x3c07, 0x3c81, 0x3a70, 0xbc41, 0x3b8f, 0xbad7, 0x3c41, 0xbbb8, 0x3c79, 0x3ccd,
    0xbcc4, 0x3b80, 0xbc14, 0x3c8f, 0x3c42, 0x3c90, 0x3cf0, 0x3c1e, 0xbcaf, 0xbc69, 0x3c85, 0xbd3a,
    0xbc64, 0xbc5d, 0x3c96, 0xbc93, 0xbbb9, 0x3ba4, 0x3ba4, 0xbcf1, 0xbc4d, 0x3c54, 0x3b2f, 0x3cac,
    0x3c79, 0x3cdd, 0x3bb8, 0x3c46, 0xbb23, 0x3c66, 0x3d25, 0xbc27, 0xbb4e, 0xbc44, 0x3c21, 0x3c21,
    0x3b56, 0x3c1c, 0x3ce6, 0x3b02, 0x3c8a, 0xbb0a, 0x3cf8, 0x3c8d, 0xbc32, 0x3bfe, 0x3cfd, 0xbbdb,
    0xbcc2, 0xbc2a, 0x3cb4, 0xbcaf, 0x3d36, 0xbc7d, 0x3c99, 0x3cd6, 0xbc0b, 0x3cf1, 0x3a8a, 0x3b21,
    0x3c63, 0xbcd2, 0xbc90, 0x3d0f, 0xbba9, 0x3cb0, 0xbd44, 0xbd07, 0x3a96, 0x3ced, 0x3b91, 0x3b5c,
    0xbd19, 0x3c90, 0xbc82, 0x3cc2, 0xbb48, 0x3bea, 0xbba7, 0x3b7d, 0x3c17, 0xbbf3, 0x3c9b, 0xbc92,
    0x3c9c, 0x3d40, 0xbc19, 0x3b9c, 0xbcf3, 0xbc1a, 0xbc5e, 0xbbb8, 0xbd1a, 0xbbaf, 0x3d82, 0x3c0d,
    0xbc8c, 0xbca4, 0x3b62, 0x3ced, 0xbcbb, 0xbcee, 0x3c45, 0x3c31, 0xbc1a, 0x3d33, 0xbc23, 0x3bc3,
    0xbc82, 0x3bfa, 0xbc34, 0x3c04, 0xbab5, 0xbc9f, 0xbbfe, 0xbcb6, 0xbc4d, 0xbb01, 0xbd0e, 0xbcf2,
    0xba5c, 0x3b9d, 0x3c92, 0xbc55, 0xbd17, 0x3aea, 0xbc9c, 0xbc19, 0x39da, 0x3d04, 0xbb63, 0x3c93,
    0x3c9e, 0xbbd1, 0x3b53, 0x3d1b, 0xbd44, 0xbaae, 0xbb83, 0x3c47, 0xbc40, 0xbc4c, 0x3b8f, 0x3d53,
    0x3d11, 0xbd6e, 0xbc8f, 0xbb52, 0xbcc2, 0xbd0b, 0xbd23, 0x3c4b, 0xbc60, 0x3d36, 0xbca7, 0xbc83,
    0xbcf5, 0x3c56, 0xbb62, 0xbc49, 0x3c2f, 0xbd58, 0x3ce8, 0xbb84, 0x3c3f, 0x3c8d, 0xbc29, 0xbcd5,
    0x39c5, 0xbd2f, 0x3d8e, 0x3c8d, 0x3cfa, 0x3aad, 0xbc59, 0xbbb6, 0xbc1d, 0xba25, 0x3b0a, 0xbc51,
    0xbb30, 0x3ca2, 0x3d14, 0xbcde, 0xbcc2, 0x3ce2, 0x3c0d, 0xbc7f, 0x3c57, 0x3c1b, 0xbcb4, 0xbcca,
    0x3cd1, 0x3c96, 0xbcd3, 0x3cc1, 0x3cb0, 0xbce7, 0xbc41, 0x3b3c, 0xbbc6, 0xbc9b, 0x3cd6, 0x3c03,
    0xbbc6, 0x3c5b, 0x3cfe, 0x3ca2, 0xbb90, 0x3ce9, 0x3c06, 0xbbef, 0x3bfb, 0xbcb0, 0x3caa, 0xbbd1,
    0xbc95, 0xbd48, 0xbc80, 0x3c7b, 0x3d0e, 0x3cb2, 0xbc86, 0x3c15, 0xbc25, 0xbc84, 0xbb2e, 0x3c6f,
    0x3bb1, 0xbbf0, 0x3bbe, 0xbcff, 0x3c1a, 0xbca7, 0x3c72, 0xbabb, 0xbbf9, 0x3b12, 0xbc71, 0xbd38,
    0xbc10, 0xbb80, 0x3be1, 0x3d16, 0x3d48, 0xbd12, 0x3cf1, 0xbc88, 0x3c30, 0x3c54, 0x3c19, 0xbc9c,
    0xbb97, 0xbc70, 0x3cb6, 0x3d07, 0x3b68, 0x3ca5, 0xba35, 0xbae3, 0x3d0b, 0x3c9d, 0x3c18, 0x3d00,
    0xbc28, 0x3ce0, 0xbd19, 0x3c05, 0xbcab, 0xbcb6, 0x3c86, 0xbc45, 0xbc0d, 0x3c85, 0x3c2c, 0x3bb2,
    0x3d00, 0x3b42, 0xbcf3, 0xbd73, 0xbb95, 0xbb31, 0xbca9, 0xbd48, 0x3bc5, 0x3ba5, 0xbd23, 0x3bce,
    0x3ab2, 0xbc6d, 0x3b86, 0xbbc1, 0xbb7d, 0x3c53, 0xbc0a, 0x3af5, 0x3c8e, 0xbce0, 0xbb30, 0x39a2,
    0x3c9a, 0x3c2b, 0x3d45, 0x3ba0, 0x3d1a, 0x3c98, 0x3cc0, 0x3bb9, 0x3bca, 0xbc9b, 0x3cc8, 0x3c3f,
    0x3b91, 0x3cd8, 0x3ca7, 0x3c9a, 0x3d5f, 0xbb5e, 0x3d45, 0x3c3d, 0xba4b, 0x3bde, 0x3b22, 0xbbc3,
    0xbca0, 0x3c9a, 0xbc81, 0x3b57, 0xbd30, 0x3bfc, 0xbc42, 0xbc88, 0x3cb7, 0xbc9e, 0xbc94, 0x399b,
    0xbb86, 0xbcd5, 0x3cdd, 0x3cf2, 0xbcd8, 0x3ca4, 0xbcd7, 0x3d58, 0x3ba2, 0x3bbe, 0xbcc5, 0x3cf1,
    0x3bc4, 0x3c28, 0xbc91, 0x3c80, 0x3d76, 0x3b98, 0xb8a9, 0xbc9c, 0xbcfe, 0x3b5a, 0x3c0f, 0xbc34,
    0x3c60, 0xbd17, 0x3da3, 0xbc9f, 0xbd49, 0xbc68, 0x3cf9, 0xbc4c, 0x3c93, 0x3cca, 0xbb92, 0xbc91,
    0x3cb6, 0xbb92, 0x3d83, 0x3d04, 0x3d93, 0xbc5c, 0xbafe, 0x3cc6, 0x3c9b, 0x3d17, 0x3cb8, 0x3c77,
    0xbc8d, 0x3c04, 0xbcb9, 0x3c91, 0x3c4d, 0xbd11, 0xbd06, 0xbd85, 0xbbd2, 0xbbc9, 0xbb48, 0x3cbc,
    0xbc06, 0x3d48, 0x3cba, 0xbc66, 0x3cf8, 0xbce9, 0x3d6b, 0x3cd6, 0x3cc6, 0x3d09, 0x3c2d, 0xbbdb,
    0x3d3c, 0x3a96, 0xbd08, 0xbce8, 0xbc40, 0xbd3e, 0xbd1f, 0x3d07, 0xbabe, 0x3c72, 0x3d25, 0x3c7a,
    0xbd6c, 0xbc08, 0x3c36, 0xbc21, 0xbc71, 0x3d3d, 0x3c83, 0x3ca2, 0xbc10, 0x3cd6, 0xbcda, 0x3c90,
    0xbd7f, 0xbcd9, 0xbd63, 0xbcb8, 0xbd08, 0xbb40, 0x3959, 0x3c64, 0x3d5c, 0x3d4c, 0xbb74, 0x3d00,
    0x3d4f, 0xbb5f, 0x3aa7, 0x3da8, 0xbd38, 0x3b34, 0xbc99, 0xbb26, 0xbc99, 0xbca3, 0x3c16, 0x3bb6,
    0x3bb9, 0xbc80, 0x3cf3, 0xbca6, 0x3be9, 0x3cb5, 0x3c51, 0xbcfe, 0x3cf4, 0xbb91, 0xbccc, 0xbc2c,
    0x3aba, 0x3cd7, 0xbbea, 0xbcc7, 0xbcb0, 0x3a4f, 0x3ab0, 0x3d87, 0xbbb9, 0xbc83, 0xbc2a, 0x3cff,
    0xbc1d, 0x393a, 0xbd5b, 0xbc81, 0xbbdd, 0x3aad, 0x3cdb, 0xbbe1, 0xbc1a, 0xbda3, 0x3d0f, 0x3cc7,
    0x3c5f, 0xbc18, 0x3cc0, 0x3ce5, 0xbcdc, 0xbcb9, 0xbd25, 0xbd2a, 0x3d3f, 0xbc28, 0x3d09, 0x3c0d,
    0xbd4f, 0x3c9c, 0x3c6f, 0xbd75, 0x3ceb, 0xbcb2, 0xbbec, 0xbc3c, 0xbc5c, 0xbc1e, 0x3c03, 0x3aa3,
    0xbd61, 0xbb15, 0x3c20, 0x3c3e, 0x3ca0, 0xbc5b, 0xbcae, 0xbcd1, 0xbd14, 0xbcfb, 0xbd1a, 0xbd56,
    0x3c50, 0xbd02, 0x3b91, 0xbc9b, 0xbd17, 0xbc7b, 0x3b75, 0x3c8c, 0xbd9a, 0xbc98, 0xbd96, 0xbca0,
    0x3c99, 0x3c5d, 0xbc7b, 0x3c27, 0x3bf3, 0x3c5a, 0xbd5c, 0x3c83, 0x3ca2, 0x3d6d, 0xbd6b, 0xbc4f,
    0x3d61, 0xbc11, 0xbced, 0x3a38, 0x3cce, 0x3c30, 0xbd28, 0xba96, 0x3c8b, 0xbd07, 0x3ca8, 0xbd2b,
    0xbc91, 0xbcab, 0x3c67, 0x3c1a, 0x3d25, 0xbd68, 0x3baa, 0xbd0c, 0x3c80, 0xbc1c, 0xbcdc, 0xbc7a,
    0x3cfa, 0x3b18, 0x3d30, 0xbd87, 0x3d01, 0xbda4, 0xbce2, 0x3c7c, 0xbc1c, 0x3d8c, 0xbbfb, 0x3d43,
    0x3ce9, 0x3c89, 0x3d17, 0x3d40, 0xbd5f, 0x3d9d, 0x3d83, 0xbb94, 0xbc1b, 0x3c9f, 0xbd6a, 0x3c9c,
    0x3cb7, 0x3d03, 0xbabe, 0xbcf8, 0x3d1e, 0x3b37, 0xbbb8, 0x3be7, 0x3c24, 0x3b39, 0xbc9b, 0xbbfe,
    0x3c8f, 0x3c7e, 0xbcae, 0xbd38, 0xbccd, 0x3c9c, 0x3c86, 0xbb77, 0x3ba6, 0xbcab, 0xbbc0, 0x3d08,
    0x3c89, 0xbc9d, 0x3cc1, 0xbbb5, 0xbca5, 0x3a1b, 0x3982, 0xba8d, 0x3bac, 0xbc92, 0xbc77, 0x3d0d,
    0x3be6, 0x3d1d, 0x3b41, 0x3c38, 0x3b78, 0xbd51, 0xbc32, 0x3b5d, 0x3c30, 0x3d27, 0x3cb7, 0xbd0b,
    0xbc78, 0x3cc5, 0x3c09, 0xbb39, 0x3cab, 0xbccd, 0x3ca1, 0xbb81, 0x3d3f, 0xbd43, 0x3cde, 0xbd1e,
    0xbc0b, 0xb909, 0x3cea, 0xbd00, 0x3cb4, 0xbcb6, 0xbcdf, 0x3d2d, 0x3caf, 0xbd6d, 0xbd43, 0xbd04,
    0xb9e0, 0xbce6, 0x3c87, 0xbc36, 0x3d10, 0x3d3d, 0x3c89, 0x3c8f, 0xbc49, 0x3cbd, 0x3cd5, 0xbc12,
    0xbd14, 0x3ca9, 0xbcc9, 0xbca0, 0x3c22, 0xbc68, 0x3d96, 0xbd5a, 0x3bc7, 0x3cae, 0x3cfe, 0x3cb5,
    0x3c23, 0x3cd2, 0x3c88, 0xbc11, 0xbb7f, 0xbc89, 0x3ccb, 0xbcca, 0x3ced, 0x3ca0, 0xbc46, 0xbd69,
    0x3cc6, 0x3d30, 0x3bcf, 0xbcf6, 0xbcff, 0x3a9c, 0x3c25, 0x3bcf, 0x3cdf, 0xbcdb, 0x3c24, 0xbccc,
    0x3d0a, 0xbc8c, 0xbc85, 0xbc68, 0x3d2e, 0xbce6, 0x3ccc, 0xbd05, 0xbc88, 0xbd3a, 0xbcca, 0xbccb,
    0xbbd9, 0xbd35, 0x3b49, 0xbd27, 0x3c21, 0xbcf8, 0xbcdc, 0x3d5f, 0x3c92, 0xbd06, 0x3d0f, 0x3d13,
    0xbb9b, 0xbd31, 0xbd07, 0xbd2e, 0x3b7e, 0x3d1e, 0x3cba, 0xbcfc, 0x3d0e, 0xbbde, 0xbd82, 0x3cd1,
    0xbaaa, 0x3cd3, 0x3c10, 0xbd5f, 0x3d03, 0xbb82, 0xbd36, 0x3c75, 0xbd0c, 0xbc43, 0x3ce4, 0xbcf2,
    0x3cdb, 0xbc02, 0xbd69, 0x3c60, 0x3c16, 0x3d37, 0x3d75, 0x3c50, 0xbc02, 0x3dc4, 0x3c36, 0x3d05,
    0x3d89, 0x3c6d, 0x3b2c, 0x3c9c, 0xbc29, 0xbcb5, 0xbd22, 0x3cfb, 0x3c48, 0xbd40, 0xbdad, 0xbcd3,
    0xbc19, 0x3937, 0xbc11, 0xbd34, 0x3c80, 0x3d5c, 0xbc7b, 0x3d8a, 0xbbfd, 0x3d12, 0x3df4, 0xbd25,
    0x3cc9, 0x3d6b, 0xbd89, 0x3ca9, 0x3ad4, 0xbd9e, 0xbad4, 0xbd95, 0x3d18, 0x3bb3, 0x3cd0, 0x3cf2,
    0x3dc2, 0x3d38, 0xbd77, 0x3d1b, 0x3c45, 0x3cdc, 0x3d28, 0xbc8c, 0x3c34, 0x3ccc, 0x3d3c, 0xbd9c,
    0xbd62, 0xbbde, 0xbc49, 0xbcc7, 0xbc8c, 0x3abf, 0xbd46, 0xbc5f, 0x3d96, 0xbd82, 0x3c69, 0xbd12,
    0x3d26, 0xbcab, 0x3d04, 0x3cf1, 0xbcf1, 0xbdbc, 0x3ca2, 0xbc3c, 0xbc97, 0xbb86, 0x3d74, 0x3d1d,
    0x3c30, 0x3ad5, 0xbd41, 0xbd2b, 0x3c90, 0x3d00, 0xbc06, 0x3d1f, 0xbc57, 0xbb48, 0xbcde, 0x3c53,
    0xbd0f, 0xbc96, 0x3c12, 0x3c49, 0xbcb5, 0x3d48, 0xbc3d, 0x3cc2, 0xbbfd, 0xb8cc, 0x3d33, 0x3d4e,
    0xbc7b, 0x3d81, 0x3d1d, 0x3d82, 0x3c2a, 0x3d9a, 0xbd52, 0xbc07, 0x3c93, 0xbdf8, 0xbb24, 0xbcd1,
    0xbe2f, 0xb9c6, 0xbdab, 0x3cfa, 0xbced, 0x3d43, 0x3d61, 0xba5f, 0x3cde, 0x3d52, 0xbd3c, 0xbd00,
    0x3c2d, 0xbcae, 0xbced, 0x3db5, 0x3d4f, 0x3cb2, 0x3c20, 0x3cbb, 0x3c9f, 0x3d5f, 0xbcd2, 0x3ab5,
    0xbc85, 0x3dba, 0xbca7, 0x3d3d, 0x3d26, 0xbb17, 0xbd89, 0x3bfb, 0xbd71, 0xbcfe, 0xba99, 0x3c79,
    0x3b05, 0xbb8a, 0xbcdd, 0x3c00, 0x3da0, 0x3d68, 0x3d43, 0xbc4c, 0x3c8e, 0xbd1c, 0xbd8b, 0x3ccb,
    0x3ca0, 0x3d18, 0xbdc3, 0x3ad9, 0x3be3, 0xbc1e, 0x3d9f, 0xbc0e, 0xbadd, 0x3da1, 0xbca4, 0x3be2,
    0x3d52, 0x3b2a, 0x3cd3, 0xbbb9, 0x3ce7, 0xbd37, 0x3c1c, 0xbcb1, 0x3b96, 0xbd32, 0xbca7, 0x3db4,
    0x3db4, 0x3dfd, 0x3d12, 0xbc35, 0xbd22, 0x3ad5, 0x3d90, 0xbd99, 0xbc8e, 0xbc87, 0xbd38, 0x3d6b,
    0x3cfa, 0x3c9d, 0xbb6e, 0xbb13, 0xbca7, 0x3c28, 0x3bcd, 0x3c63, 0x3c34, 0xba6b, 0x3c27, 0xbdf0,
    0x3c53, 0xbb65, 0xba13, 0xbb83, 0xbd82, 0xbc89, 0xbc3a, 0xbbc5, 0xbd09, 0x3aee, 0x3cda, 0xbcbd,
    0x3cd7, 0xbb3d, 0x3cd5, 0xbbff, 0x3cfd, 0xbc1d, 0xbc53, 0xbbf7, 0x3d64, 0x3ce4, 0x3a4a, 0x3af7,
    0x3c81, 0x3ca5, 0xbd70, 0xbc63, 0x3d4e, 0xbceb, 0xbc67, 0xbcfa, 0x3b9b, 0x3cf3, 0xbd16, 0x3c88,
    0xbba8, 0x3c1f, 0x3d2f, 0xbd4a, 0x3bb3, 0x3cec, 0xbc5f, 0x3d68, 0x3c64, 0xbd5a, 0xbd13, 0x3bfa,
    0x3c94, 0x3ca8, 0xbcb9, 0xb9c9, 0x3d8d, 0x3c17, 0xbca8, 0x3c15, 0xbce0, 0x3d1e, 0x3c83, 0xbc24,
    0xbb70, 0x3c30, 0x3ce3, 0xbd2f, 0xba85, 0x3cda, 0xbcb3, 0x3ce1, 0xbd4f, 0xbcde, 0xba16, 0x3c87,
    0x3c43, 0x3c27, 0xbcb1, 0xbccf, 0x3c85, 0xbd95, 0x3ce3, 0xbd80, 0xbc5f, 0xbcb9, 0x3d13, 0x3cf3,
    0xbce6, 0x3d66, 0xbcb8, 0x3d3f, 0x3b44, 0x3d06, 0x3d12, 0x3d06, 0x3cd6, 0xbca9, 0x3bc3, 0x3bab,
    0x3be3, 0xbd14, 0x3a18, 0xbc0c, 0x3d45, 0x3c5c, 0x3bb2, 0xbc53, 0xbd1e, 0x3b58, 0x3cc6, 0x3b85,
    0xbd51, 0x3d02, 0x3b3f, 0x3d91, 0xbc1b, 0xbd85, 0xbcaf, 0x3d35, 0xbca9, 0x3c65, 0xbd17, 0x3cd1,
    0xbd69, 0x3bba, 0xbd65, 0xbccf, 0xbcf4, 0xbcac, 0xbc2f, 0xbcaf, 0xbd83, 0x3d6c, 0xbcd1, 0xbd7f,
    0xbce4, 0x3b8b, 0x3d06, 0x3da3, 0xbdcb, 0x3d1d, 0xbc78, 0xbbd4, 0x3d84, 0x3bc0, 0xbd95, 0xbd98,
    0xbd17, 0xbc1c, 0x3d89, 0x3c09, 0x3b1e, 0xbd0b, 0xbcb3, 0x3cbd, 0x3cd5, 0xbcd2, 0x3da0, 0x3bc6,
    0xbaea, 0x3d2c, 0xbbda, 0xbd91, 0x3d97, 0xbcde, 0xbc0b, 0xbcc5, 0x3b9a, 0x3c8c, 0x3b6c, 0xbb29,
    0x3c39, 0x3d07, 0xbc4c, 0x3cdd, 0x3c27, 0x3caa, 0xbcd0, 0x3b94, 0x3bc5, 0xbcc8, 0x3ccb, 0x3d6c,
    0x3b5f, 0xbdae, 0xbc8d, 0x3ca9, 0x3d7d, 0xbd0a, 0x3d07, 0x3d87, 0xbd78, 0x3d27, 0xbb05, 0x3c8b,
    0x3d42, 0x3cf0, 0x3c5f, 0x3d24, 0xbd09, 0x3b2f, 0xbd29, 0x3d0e, 0x3db9, 0x3d8f, 0x3c94, 0x3cd9,
    0xbd31, 0x3b18, 0x3cfa, 0x3d9f, 0x3c47, 0xbaae, 0x3d21, 0x3cc3, 0x3d1c, 0xbc9d, 0x3d21, 0x3cf0,
    0xbd6f, 0xbc22, 0x3c94, 0x3c89, 0xbc4d, 0x3d41, 0x3ce2, 0x3c98, 0xbbff, 0x3d84, 0x3b9f, 0xbd54,
    0x3997, 0xbb03, 0x3c96, 0x3d0e, 0x3cb5, 0xbd94, 0x3da1, 0xbd6c, 0x3c91, 0x3948, 0x3d35, 0x3cb2,
    0x3c43, 0xbc8f, 0xbd14, 0x3ca0, 0xbced, 0x3d94, 0x3c20, 0xbb57, 0x3be6, 0xbc1f, 0x3cca, 0xbc8a,
    0x3d1c, 0x3a87, 0x3d3c, 0xbc91, 0x3def, 0x3bc1, 0x3cb7, 0xbd30, 0xbcd2, 0xbcb4, 0xbcbd, 0xbc59,
    0x3bb3, 0x3d39, 0xbc61, 0x3ca7, 0x3d00, 0x3d13, 0xbcca, 0x3b96, 0xbc85, 0x3ce6, 0x3bbe, 0x3d17,
    0x3bc1, 0xbc2c, 0x3cda, 0x3c16, 0xbb90, 0x3d8d, 0xbbaf, 0x3d66, 0xbcf4, 0xbc47, 0x3d3b, 0x3d57,
    0xbba7, 0xbb2a, 0xbd13, 0xbcd4, 0xbd11, 0x3c5a, 0x3c29, 0xbbf8, 0x3d02, 0x3d4f, 0x3cd0, 0x3cbc,
    0x3d39, 0x3d23, 0x3d00, 0x3b66, 0xbd29, 0x3cba, 0xbc15, 0xbd16, 0xbc12, 0x3a61, 0xbd31, 0x3d39,
    0x3c21, 0x3cf5, 0x3c86, 0xbd1a, 0xbcc3, 0xbd81, 0x3ca6, 0xbcd4, 0x3c90, 0x3c79, 0x3d51, 0x394b,
    0xbd92, 0xbc8a, 0xbca8, 0x3c78, 0xbcb3, 0x3d09, 0xbcbe, 0xbd13, 0x3b6b, 0x3c57, 0x3d2a, 0xbd71,
    0x3c11, 0x3cce, 0xbd08, 0xbc84, 0x3d37, 0x3d4d, 0x3d75, 0xbcec, 0x3caf, 0xbcce, 0x3d28, 0x3d72,
    0xbd81, 0xbd6d, 0x3cf1, 0xbcc0, 0x3c7e, 0x3d0e, 0xbd02, 0xbb8b, 0xbcde, 0x3c69, 0x3b21, 0x3bf7,
    0x3ca1, 0x3c33, 0x3d19, 0xbb89, 0x3a82, 0xbcbf, 0xbcc3, 0x3d5e, 0x3d3a, 0xbcb5, 0xbce5, 0xbd84,
    0xbc95, 0xbb18, 0xbd29, 0xbc4a, 0xbcf8, 0xbd99, 0x3cb8, 0x3cb3, 0xbd4b, 0x3d55, 0x3cb9, 0xbc95,
    0x3d14, 0xbc2c, 0xbb3b, 0x3c8e, 0x3c10, 0x3c78, 0xbc11, 0x3c06, 0xbc29, 0xbca0, 0x3d04, 0x3d00,
    0xbc9b, 0x3af8, 0xbd6f, 0xbd35, 0xbc82, 0xbcbc, 0x3cb5, 0x3b8e, 0x3ccf, 0x3abc, 0xbcbb, 0xbc03,
    0xbd81, 0x3c26, 0xbbb6, 0x3d23, 0xbd99, 0x3ca1, 0x3c82, 0xbc07, 0x3cca, 0x3d14, 0x3bf5, 0xbad9,
    0x3cd0, 0x3cd8, 0x3d44, 0x3cd2, 0xbd3c, 0xbd09, 0x3c87, 0xbd12, 0x3c44, 0x3d4b, 0xbd57, 0xbc59,
    0xbcc9, 0xbb31, 0xbce5, 0x3d0b, 0xbc67, 0x3b86, 0x3bb6, 0xbd37, 0x3c24, 0xbc4c, 0x3cdc, 0x3c2a,
    0xbcba, 0x3ce5, 0xbc78, 0x3d89, 0x3c8c, 0xbd31, 0x3c47, 0x3b67, 0xbc06, 0x3cea, 0xbbfa, 0xb9d2,
    0xbc9e, 0xbd11, 0x3bbe, 0xbcef, 0x3caf, 0xbb74, 0xbd79, 0x3ab5, 0x3d27, 0xbd33, 0xbbbd, 0xbc0d,
    0x3cae, 0xb9fa, 0xbcd7, 0x3d16, 0x3cab, 0x3b84, 0xbd21, 0xbc93, 0xbcc5, 0x3c6a, 0xbd93, 0xbd44,
    0x3d4c, 0x3d46, 0xbbeb, 0xbc19, 0xbd39, 0xbc80, 0xba0d, 0xbd5d, 0x3cfa, 0x3bdd, 0x3d09, 0xbbc6,
    0xbd26, 0x3d08, 0xbc6d, 0xbd02, 0xbd25, 0x3cfe, 0xbad4, 0xbc4c, 0x3c85, 0xbc07, 0xbd04, 0xbcc7,
    0xbca4, 0xbcfb, 0xbc4c, 0x3cb8, 0x3dcd, 0xbd7f, 0xbd12, 0xbcb2, 0x3d1b, 0x3d20, 0xbbd8, 0x3c21,
    0x3a47, 0x3b7d, 0x3be7, 0xbdac, 0xba7d, 0xbd7b, 0x3c65, 0x3d38, 0x3bc8, 0xbd5e, 0xbbb5, 0x3d1a,
    0x3d4e, 0x3c60, 0xbd20, 0xbd23, 0x3d23, 0x3bdb, 0xbd2a, 0x3b98, 0xbcb6, 0xbc6e, 0xbc80, 0x3d70,
    0x3c8a, 0xbc70, 0x3b19, 0xbd0a, 0x3cbc, 0x3c5f, 0x3cf5, 0x3d03, 0x3c48, 0xbccf, 0xbcd7, 0xbcd4,
    0x3c91, 0x3d0f, 0x3ccf, 0xbce2, 0xbc6b, 0x3d51, 0xbc83, 0xbd1d, 0x3c2e, 0x3d09, 0x3bee, 0xbb1a,
    0xbbfb, 0xbca6, 0x3d93, 0x3c06, 0x3d04, 0x3b02, 0xbd29, 0x3cb1, 0x3c83, 0xbd60, 0x3cfb, 0xbcd8,
    0xbc08, 0xba51, 0x3d57, 0xbcd5, 0x3ccb, 0x3d2c, 0x3d6e, 0x3ca4, 0x3d37, 0x3cd6, 0xbc73, 0xbce4,
    0xbc46, 0xbca9, 0x3c76, 0xbb09, 0x3d65, 0xbc4a, 0x3c0f, 0x3cfd, 0xbd48, 0xbc2d, 0x3c44, 0xbb90,
    0xbbbe, 0x3c27, 0x3c82, 0x3d8e, 0xbd9b, 0xbcdd, 0xbca3, 0x3c46, 0xbd90, 0xbc9c, 0x3d3f, 0x3cb3,
    0x3d0b, 0xbd10, 0x3bd8, 0xbc74, 0x3c4a, 0x3d91, 0xbd87, 0x3d40, 0xbb43, 0xbcba, 0xbd2a, 0xbd8c,
    0xbc7f, 0xbcba, 0xbd03, 0xbcdc, 0xbd6c, 0x3d65, 0x3c12, 0xbcee, 0xbc98, 0xba2e, 0xbd23, 0x3d15,
    0xbbe1, 0x3cde, 0x3bca, 0x3cb6, 0x3cc0, 0x3cf2, 0x3b44, 0x3dbc, 0xbce5, 0x3d4d, 0x3d0c, 0x3d1a,
    0x3cf6, 0x3d4e, 0xbb19, 0x3d20, 0xbd41, 0x3cbc, 0x3cd5, 0xbb2c, 0xbcdf, 0xbd01, 0xbce2, 0xbcc1,
    0xbc9d, 0x3c9e, 0xbc4f, 0xbd37, 0x3d35, 0xbb2b, 0x3d15, 0x3ba2, 0x3cbb, 0x3ab8, 0xbc48, 0x3d83,
    0x3cfe, 0x3d37, 0xbd25, 0xbcd0, 0x3c64, 0x3d49, 0x3c52, 0x3b58, 0xbb9c, 0x3d5e, 0x3d2b, 0x3c60,
    0xbd11, 0x3d0d, 0xbc71, 0x3dc0, 0xbc15, 0x3c0b, 0xbc3e, 0xbcd1, 0xbd2c, 0xbc6f, 0x3d89, 0x3b2e,
    0x3c78, 0x3cb4, 0x3a77, 0xbdce, 0xbc9f, 0x3bd1, 0xbcbd, 0x3daf, 0x3cf7, 0xbb10, 0xbca1, 0x3db7,
    0xbc95, 0xbc31, 0x3c1a, 0x3c7d, 0xbc8a, 0xbb98, 0x3d03, 0xbda0, 0x3c1f, 0xbccf, 0xbd78, 0x3d11,
    0x3c46, 0xbbc7, 0xbb97, 0x3cb4, 0xbcb7, 0xbd07, 0xbaf5, 0x3de4, 0x3d6c, 0x3bb8, 0xbcac, 0xbcb0,
    0x3c86, 0xbd8f, 0x3cef, 0xbc8d, 0x3cad, 0xbcbe, 0x3d6c, 0xbd95, 0xbc5d, 0x3a36, 0x3d80, 0xbc40,
    0x3d24, 0xbd21, 0xbd7c, 0xbce3, 0xbd9c, 0x3ce5, 0x3b28, 0xbce9, 0x3d7d, 0x3c63, 0xbca8, 0xbd25,
    0xbd24, 0xbd0f, 0xbcad, 0xbb9d, 0xbc99, 0xbd90, 0xbc8d, 0xbc2d, 0xba28, 0xbd93, 0xbc8c, 0x3c38,
    0x3d39, 0xbd1b, 0x3d06, 0x3d2e, 0x3dba, 0x3d7b, 0xbc80, 0xbce2, 0x3d2b, 0x3d25, 0x3cbb, 0x3c5e,
    0xbd1c, 0x3ae3, 0x3d83, 0xbd89, 0x3d69, 0xbcac, 0x3d12, 0x3b62, 0xbd3d, 0xbd16, 0x3d75, 0xbd5c,
    0xba98, 0x3d11, 0x3b17, 0xbd78, 0x3bb4, 0x3c71, 0xbce8, 0xbd09, 0xbd59, 0xbe17, 0xbd7f, 0x3b34,
    0x3a2c, 0xbd09, 0xbd49, 0xbbc0, 0xbd8b, 0xbd22, 0x3c64, 0x3d5d, 0xbc6a, 0x3b92, 0x3d78, 0x3c6a,
    0xbcb0, 0x3b02, 0x3bc7, 0x3c5d, 0xbd63, 0x3dc1, 0xbadd, 0xbd1f, 0x3c25, 0xbc58, 0xbcfb, 0xbd7d,
    0xbd24, 0xbcba, 0x3c3c, 0xbd92, 0xbd88, 0xbc4f, 0xbca8, 0x3c57, 0xbd2d, 0xbbf0, 0xbd25, 0xbd8c,
    0xbc8f, 0xbd84, 0x3d9f, 0x3d6b, 0x3b96, 0xbd30, 0x3d1f, 0xbca8, 0x3b08, 0x3d58, 0x3db4, 0xbc56,
    0xbc80, 0xbd4d, 0xbd0a, 0xbd8b, 0x3cf5, 0x3d03, 0xbb8a, 0x3d0b, 0xbd5a, 0x3cc6, 0x3ab5, 0x3d78,
    0x3be9, 0x3c6f, 0xbc8d, 0xbce6, 0xbce1, 0x3af0, 0xbba0, 0xbd87, 0x3ce2, 0x3ca5, 0xbb6d, 0x3c23,
    0xb8ae, 0x3d82, 0x3a20, 0xbcfe, 0x3da2, 0x3c03, 0x3cc2, 0x3d46, 0x3c74, 0xbd8f, 0x3c08, 0xbbec,
    0x3c9f, 0x3c2e, 0x3d1a, 0xbcd8, 0xbcd2, 0x3d2c, 0x3d12, 0x3c96, 0xbcb3, 0x3d40, 0x3d07, 0xbd10,
    0xbd3e, 0x3aa0, 0xbcdf, 0x3daf, 0xbc62, 0xbd06, 0xbcfe, 0x3d86, 0x3bca, 0xbd3b, 0x3d0d, 0x3bc0,
    0x3e04, 0xbd93, 0xbc29, 0x3d12, 0x3ddb, 0xbbfa, 0x3d49, 0x3d7b, 0xbc44, 0x3d85, 0xbd0a, 0x3d86,
    0xbc09, 0x3c92, 0xbb4f, 0x3d1a, 0x3b35, 0xbdab, 0x3d66, 0x3d99, 0x3ba3, 0x3c76, 0xbd11, 0xbb6f,
    0x3d00, 0xbbb2, 0x3c00, 0x3cca, 0x3d59, 0xbdda, 0xbc16, 0xbc0e, 0x3d9f, 0xbc9c, 0x3c2d, 0xbd5e,
    0x3ca3, 0x3d45, 0x3d83, 0xbc26, 0xbc89, 0xbd44, 0x3ce0, 0x3c96, 0x3c2f, 0xbc05, 0x3afa, 0x3d65,
    0xbd4c, 0x3d27, 0x3d1a, 0xbcd1, 0xbc98, 0x3c81, 0xbce3, 0xbba3, 0xbc7d, 0x3cc1, 0xbc93, 0xbcca,
    0x3bff, 0xbc96, 0xbc4a, 0xbc81, 0xbd00, 0xbd3a, 0xbc53, 0x3c3a, 0xbcea, 0xbbd9, 0xbcf9, 0x3bab,
    0x3d43, 0x3cf0, 0xbcb7, 0x3d82, 0x3d84, 0x382b, 0xbab9, 0x3b7b, 0x3ddd, 0x3d50, 0x3c0d, 0x3cf0,
    0x3b0c, 0xbc0b, 0x39c1, 0x3cb7, 0x3c67, 0x3b9f, 0xbd86, 0xbb5e, 0x3cd9, 0x3d21, 0x3d7d, 0x3cd9,
    0xbbea, 0x3d54, 0xbbab, 0xbb13, 0x3d21, 0xbba8, 0xbcda, 0xbaeb, 0xbd80, 0x3d32, 0x3ceb, 0x3d86,
    0xbcc8, 0xbd8c, 0xbd59, 0xbcba, 0xbcfd, 0xbd7f, 0x3b75, 0xbdca, 0x3caa, 0xbc89, 0x3d8a, 0xbd8b,
    0xbdd2, 0x3cef, 0xbcef, 0x3cae, 0x3ce4, 0x3cea, 0x3d42, 0xbb69, 0xbc46, 0xbd21, 0xba24, 0xbcbe,
    0xbd2e, 0x3df5, 0x3c80, 0x3d92, 0xbdce, 0xbd2e, 0xba0e, 0xbd84, 0x3cdb, 0x3abf, 0x3d08, 0x3d12,
    0x3de6, 0x3d8e, 0x3dae, 0x3b1a, 0x3e03, 0xbca1, 0x3c29, 0x3dbc, 0xbd88, 0x3a72, 0x3aa5, 0x3d8a,
    0x3be1, 0x3c95, 0xbcc6, 0xbbc7, 0xbd17, 0xbd07, 0x3cc5, 0x3bfe, 0xbdbd, 0x3ce8, 0xbc3f, 0xbcc2,
    0xbda1, 0xbd5b, 0x3db7, 0x3d46, 0x3d77, 0x3c28, 0xbd0b, 0xbc97, 0xbdc9, 0xbafc, 0x3da4, 0xbd20,
    0xbbf3, 0x3ce0, 0xba62, 0xbc07, 0xbc4d, 0x3cc7, 0x3c1a, 0x3d42, 0xbce4, 0xbc50, 0xbccd, 0x3be3,
    0x3de2, 0x3d18, 0x3c7c, 0x3db1, 0xbd17, 0x3cff, 0x3b4d, 0xbd05, 0x3d43, 0x3b25, 0xbd5b, 0x3975,
    0x3cec, 0x3cca, 0x3ce9, 0x3c6c, 0x3d38, 0x3d4b, 0x3cee, 0xb9ea, 0xbc84, 0xbd00, 0xbc34, 0xbd87,
    0x3d85, 0xbc07, 0xbc11, 0xbcbd, 0xbc64, 0xbcf6, 0xbc3a, 0x3ccf, 0xbd4f, 0xbb6b, 0x3c9a, 0x3d4b,
    0xbd5b, 0xbd8a, 0xbd9b, 0x3dd7, 0x3e04, 0x3cdd, 0xbbb2, 0x3aea, 0x3cf7, 0xbbc0, 0x3d3b, 0xbc31,
    0x3d0e, 0x3ca7, 0xbb32, 0xbd41,
];

/// The imatrix column weights for each super-block, as f32 bit patterns.
pub(super) const IMATRIX_F32: [u32; 16 * 256] = [
    0x3c6668b9, 0x3f6d9ac0, 0x3f3adf4d, 0x3ed4e0cf, 0x3d15302c, 0x3e472fe1, 0x3decefd7, 0x3fb96e6d,
    0x3e00f501, 0x3da0f3b3, 0x3dc8650c, 0x3d316e15, 0x3e115222, 0x3f143b30, 0x3f4abea8, 0x3db7d705,
    0x3e1361a5, 0x3d9e2dfa, 0x3e63f5c7, 0x3d9683c0, 0x3d059399, 0x3ccb1aad, 0x3ce997ae, 0x3f3ff96c,
    0x3d2baba0, 0x3c8a7c1c, 0x3cba9651, 0x402c7971, 0x3da05e7d, 0x3cfb46bd, 0x3e22d901, 0x3cc3dce9,
    0x3e9bb2a9, 0x3cd52fc1, 0x3cb7a118, 0x3fd0b21e, 0x3d153390, 0x3d4a512e, 0x3c7728e8, 0x3cca1461,
    0x3d565cb0, 0x3d7e8c28, 0x3d820e04, 0x3cbb4b9f, 0x3d02bf86, 0x3ede20eb, 0x3d75d0a1, 0x3c94b1ab,
    0x3d2f4487, 0x3c928da2, 0x3cc7550c, 0x3d24ad04, 0x3c92921d, 0x3cd5588e, 0x3ca4922e, 0x3eeac8c9,
    0x3c881e13, 0x3d3c3951, 0x3c6afd61, 0x3d099bed, 0x3d7ab05e, 0x3e4ee366, 0x3e11b024, 0x3d24e3e6,
    0x3c9b3318, 0x3d5f14ca, 0x3c85a579, 0x3d33959f, 0x3d5fabb9, 0x3c802ceb, 0x3d049016, 0x3d0c9ebc,
    0x3cc831fd, 0x3c93ab21, 0x3c63c3fd, 0x3d04ffc1, 0x3ca0284a, 0x3d286b56, 0x3ca0cddf, 0x3d84cacc,
    0x3cadad1c, 0x3d10e039, 0x3cf750ce, 0x3c890f1f, 0x3ca481e9, 0x3dd078c7, 0x3d7ed081, 0x3d46422e,
    0x3cb152f3, 0x3cef988d, 0x3d23ebf9, 0x3e296165, 0x3d3d6319, 0x3d3eb5ea, 0x3d65374d, 0x3cc787ce,
    0x3cd4d01f, 0x3d254bcd, 0x3c757228, 0x3c59320a, 0x3c98a1d6, 0x3ca62414, 0x3d2ece63, 0x3d44cd66,
    0x3d37a8cc, 0x3dc6642e, 0x3eea14bf, 0x3ca49632, 0x3d568be0, 0x3cd9607e, 0x3cc5ed12, 0x3c972699,
    0x3d37af56, 0x3dd36b25, 0x3caee52f, 0x3ce3430a, 0x3d343417, 0x3c8200a5, 0x3cb73576, 0x3c4d82f9,
    0x3cf897a8, 0x3d33b039, 0x3ca78106, 0x3ca4c9eb, 0x3d01ff0d, 0x3c81d372, 0x3cf6777f, 0x3c60d42a,
    0x3c975e02, 0x3c68bf82, 0x3cc222d9, 0x3d829a2d, 0x3c5c7b8b, 0x3d1461fc, 0x3c7fe256, 0x3c4dca1f,
    0x3cfac5e0, 0x3c9a3974, 0x3c6f070c, 0x3c416313, 0x3d3500c4, 0x3c8cae71, 0x3c9fa500, 0x3ca20b54,
    0x3c816734, 0x3c79a65c, 0x3c844195, 0x3cf4e13f, 0x3c6cf44f, 0x3d3208b2, 0x3c95fa12, 0x3c8c3a81,
    0x3cec0e96, 0x3c7c6ac1, 0x3ca73c0f, 0x3cf58898, 0x3c85ff63, 0x3cb4bb81, 0x3c796749, 0x3c7d5a1d,
    0x3ce6d846, 0x3c5a04a1, 0x3caa0b9b, 0x3c6d5d5b, 0x3cb88ee5, 0x3d0dbf03, 0x3d45eec4, 0x3cac2f0f,
    0x3d2807ff, 0x3cb0f789, 0x3cbb44cb, 0x3ca73a07, 0x3cf6097d, 0x3cf7608a, 0x3c7c9b2f, 0x3cbf3177,
    0x3c6f319c, 0x3d19c035, 0x3cda8013, 0x3c57bc41, 0x3c70a4f2, 0x3c955028, 0x3ca185db, 0x3c86a068,
    0x3c87469b, 0x3d4aa32c, 0x3cc20549, 0x3cb07ea9, 0x3c44f914, 0x3cabd04b, 0x3cd2f88e, 0x3cb7d17a,
    0x3d27ecfb, 0x3c97c95e, 0x3ca44330, 0x3c8688d0, 0x3cc77977, 0x3cc4cd0b, 0x3c813436, 0x3c8ba215,
    0x3c740765, 0x3d1ab0a1, 0x3cf4d68d, 0x3c88062a, 0x3cce3a8f, 0x3cabd96a, 0x3c973fbb, 0x3c8a9ac8,
    0x3c686751, 0x3c96c829, 0x3cf98ef1, 0x3ce0cb88, 0x3cf12525, 0x3d05cb7e, 0x3c9b39a5, 0x3cd24dcf,
    0x3cd4bc97, 0x3cd9e263, 0x3caee256, 0x3c9ad854, 0x3cab7881, 0x3c8fbfb7, 0x3d2db76e, 0x3c4efcc2,
    0x3d060e67, 0x3cd47dfc, 0x3cb1a2de, 0x3cb714e8, 0x3cd7cabc, 0x3c9808ef, 0x3cae1c73, 0x3cd3ee42,
    0x3cfbe69b, 0x3cf54237, 0x3c8719e8, 0x3cb23b37, 0x3cdf0084, 0x3d1974ee, 0x3cbb1171, 0x3d12e8b6,
    0x3c95a075, 0x3cc19294, 0x3ca30697, 0x3c697065, 0x3c9384ab, 0x3c900215, 0x3c7b92de, 0x3cb7ab80,
    0x3c6f8306, 0x3cdd3de7, 0x3cdcda27, 0x3e5eb94e, 0x3caa14f0, 0x3d2cbf63, 0x3c6d7c9e, 0x3cc33328,
    0x3cb8ab35, 0x3ca2516b, 0x3ca32d88, 0x3c47b6cf, 0x3cedc644, 0x3c9bbd2c, 0x3d012104, 0x3c9215d7,
    0x3d0add2f, 0x3c997396, 0x3c619289, 0x3d01872a, 0x3cc2d9b1, 0x3c9ec4ad, 0x3d04449b, 0x3c9a0cd8,
    0x3ca9a70e, 0x3cf9020f, 0x3c8d8e3b, 0x3cb8086c, 0x3ca81139, 0x3e3a22e9, 0x3cabc58e, 0x3d06d9c5,
    0x3d5f2d33, 0x3caff7f9, 0x3cabac7d, 0x3d0d7dd3, 0x3cb94a6e, 0x3c885011, 0x3cb7b384, 0x3cb0499b,
    0x3cac990a, 0x3ca33088, 0x3c99ba65, 0x3d3821bc, 0x3cfd6692, 0x3d121883, 0x3cbff7a9, 0x3d0c0252,
    0x3d10dbe0, 0x3e024084, 0x3ce075a0, 0x3d1c3e45, 0x3d174a1e, 0x3cdc25b6, 0x3ce26b45, 0x3d061208,
    0x3d3b7364, 0x3cbc7096, 0x3cf2cd0c, 0x3ccfead6, 0x3d0cea5f, 0x3d0d8de3, 0x3d8791ee, 0x3cbd0725,
    0x3c739c93, 0x3ca1fb45, 0x3ca52d2a, 0x3ce6dfe1, 0x3cfb5640, 0x3ca0fb07, 0x3d3541c6, 0x3cdbf482,
    0x3ccfc0f9, 0x3d185c11, 0x3cd9bffe, 0x3d103bcf, 0x3ca9a2ab, 0x3c9c0b8c, 0x3d3e4a5e, 0x3cfec425,
    0x3ce45ea8, 0x3d0802a4, 0x3cde04e4, 0x3d107505, 0x3cf24350, 0x3cb75bdc, 0x3cb471a1, 0x3d986b65,
    0x3d208a1b, 0x3c9be975, 0x3d24e754, 0x3ca89533, 0x3c975a84, 0x3d19bdbb, 0x3dc8fe46, 0x3d0a8706,
    0x3c96a9ff, 0x3d06e621, 0x3d20069b, 0x3d03cfb1, 0x3cb28064, 0x3ca8fb42, 0x3d426acb, 0x3c97b82f,
    0x3cfec677, 0x3ca2dac4, 0x3cc081fb, 0x3cd5d66d, 0x3ce7b042, 0x3cc9f2d4, 0x3cb0a423, 0x3cb56fd2,
    0x3d013aff, 0x3e7b5618, 0x3c9aae2a, 0x3cd60de6, 0x3cc7a5ca, 0x3cf92a11, 0x3cb390d2, 0x3d0ff78c,
    0x3ce4ee03, 0x3cdcdd0e, 0x3eb66d06, 0x3d3709a3, 0x3cf2c801, 0x3d1964e9, 0x3d02f835, 0x3ce1de37,
    0x3cacf334, 0x3d0bf63e, 0x3cc55ad1, 0x3d0ca884, 0x3c9bf024, 0x3d25fcca, 0x3ce73355, 0x3ca925aa,
    0x3d05e8d1, 0x3ce73019, 0x3ce7d073, 0x3ce58815, 0x3cb250d9, 0x3c8490a3, 0x3cdf125a, 0x3cd6b045,
    0x3cb18fff, 0x3ca8979f, 0x3cd75f64, 0x3ce101a4, 0x3d18431d, 0x3ce854e4, 0x3cb8101a, 0x3ca6ab34,
    0x3cf79992, 0x3cf3abdc, 0x3cfd5cfb, 0x3cbaed60, 0x3cc0b133, 0x3d96ccb6, 0x3cc48909, 0x3ce1fac5,
    0x3cde902d, 0x3cbe7957, 0x3d1f4c25, 0x3cd8ceba, 0x3c9ae89f, 0x3ca093bf, 0x3ce9fc97, 0x3cd5734f,
    0x3e377574, 0x3cc5cf0c, 0x3d048a50, 0x3c84ca5a, 0x3ce4335c, 0x3ccb5fb4, 0x3cadf97e, 0x3d1a6cbc,
    0x3cad535c, 0x3ca566f5, 0x3cededb6, 0x3d923ac6, 0x3ce18fcf, 0x3ee70f2b, 0x3cb6a0b0, 0x3cb7dde6,
    0x3d25c6fd, 0x3cd05cd1, 0x3ce32d15, 0x3cc500e5, 0x3d7f635e, 0x3ccd2685, 0x3cbe13b6, 0x3d1cbcfd,
    0x3d185143, 0x3cfbbe23, 0x3ca2f707, 0x3cd8a743, 0x3ce16dda, 0x3cac0d82, 0x3ce1d7a3, 0x3d12d8dc,
    0x3ca0ad79, 0x3cc1998f, 0x3cf70667, 0x3c8b4001, 0x3cc5ebb3, 0x3d099e5e, 0x3ce14971, 0x3c91f7a0,
    0x3cba08dd, 0x3d9679f9, 0x3d2016ee, 0x3cadb807, 0x3ce3ce53, 0x3ce55eb2, 0x3cf63b32, 0x3cd3b513,
    0x3ce56004, 0x3cc220f7, 0x3cdad53e, 0x3cb7fc51, 0x3d00beb1, 0x3cababb8, 0x3d09a1d6, 0x3d02e4cd,
    0x3c9f9fb6, 0x3c93d059, 0x3ce72fe7, 0x3cc50b2a, 0x3ce87255, 0x3d0f892c, 0x3cc2d3e3, 0x3d0e70da,
    0x3cf25257, 0x3ccb10c2, 0x3cc3f49e, 0x3d08b6a8, 0x3d13799d, 0x3c82eea9, 0x3ce9e94a, 0x3c9fd2ed,
    0x3cbfccc4, 0x3cc21a17, 0x3cf3f9c7, 0x3cfb4d10, 0x3cbe2e96, 0x3c927b2e, 0x3cca69a2, 0x3cdf3ce9,
    0x3c98f25b, 0x3d044420, 0x3ce9835c, 0x3c98fa66, 0x3cc457b4, 0x3ccaa9f4, 0x3cf0e206, 0x3cc9c434,
    0x3d16f8ff, 0x3c83e1dc, 0x3ce94225, 0x3cd4033a, 0x3cabdcb0, 0x3cf6b869, 0x3cae5841, 0x3ceb6ef6,
    0x3d01b1bd, 0x3ce74bce, 0x3d08234b, 0x3cfde0bd, 0x3cb352f0, 0x3cc4a309, 0x3cdbdacf, 0x3d0dbd12,
    0x3d048313, 0x3cee3e4a, 0x3ca6016a, 0x3cdf1dc3, 0x3ce57c63, 0x3d055f49, 0x3c88e701, 0x3cf400b0,
    0x3cf6087d, 0x3c923b0b, 0x3c4a5a46, 0x3cab1084, 0x3cabbe57, 0x3cc8a10c, 0x3ca1eb5b, 0x3cb37998,
    0x3ca0b2ac, 0x3cc4cd7b, 0x3ccf4ba3, 0x3cd45dab, 0x3d1585aa, 0x3c967af6, 0x3cd05e0e, 0x3cdea1f0,
    0x3cc6db2a, 0x3ce8aa6c, 0x3cd804b2, 0x3ce472b4, 0x3ce187ee, 0x3cc05348, 0x3cf93fb3, 0x3cc582b1,
    0x3ce19d57, 0x3cc207f3, 0x3cd058bd, 0x3d02c259, 0x3d0bfe0a, 0x3c9b8909, 0x3d256fe8, 0x3cefad5f,
    0x3ccb3c65, 0x3cca89c9, 0x3c9801f2, 0x3d587a22, 0x3cee191c, 0x3ceb08ff, 0x3ccb0594, 0x3cdbb379,
    0x3cfa70f0, 0x3d015019, 0x3d019e6e, 0x3cbe0e9c, 0x3cf5a778, 0x3d2b2b8e, 0x3cc87890, 0x3cd146dd,
    0x3cb03b19, 0x3c9f7441, 0x3cba9ba0, 0x3cd1669c, 0x3cc88edd, 0x3cd322ae, 0x3ce3ac40, 0x3cbdec72,
    0x3cb80b07, 0x3cfb3d11, 0x3d0f10be, 0x3cfb2a11, 0x3cf75cee, 0x3cf0a1ac, 0x3ca33b12, 0x3cc83142,
    0x3c881f8a, 0x3d2ad18d, 0x3ce1792f, 0x3ced2eb9, 0x3cadc7d5, 0x3cf02a51, 0x3cf9eb85, 0x3d1c3973,
    0x3ccaa6c6, 0x3cb2fba7, 0x3cecb264, 0x3d1006e3, 0x3cac874f, 0x3ce41796, 0x3c9a770c, 0x3ce359c8,
    0x3c9febfb, 0x3cdcc8c6, 0x3ca60f1e, 0x3d860135, 0x3cf6e500, 0x3cd1028f, 0x3cd15e2f, 0x3d06f8c6,
    0x3cee24e6, 0x3ce166c6, 0x3c9a3806, 0x3df75b7c, 0x3cfb8f01, 0x3d1036c3, 0x3cc20ca2, 0x3cb08c87,
    0x3cc40005, 0x3cb37444, 0x3cd3da11, 0x3ccd75f6, 0x3cac3187, 0x3c94b6c7, 0x3cadd922, 0x3d2b6b0b,
    0x3cea7908, 0x3cc1c0d7, 0x3cb2b78b, 0x3d0b359d, 0x3cc3ebe4, 0x3cc87108, 0x3cb68d99, 0x3cabf20b,
    0x3d0846a4, 0x3ca48054, 0x3cf77175, 0x3c984fa6, 0x3cdc8eaa, 0x3cbaaac3, 0x3cf94efe, 0x3d04f38d,
    0x3d334542, 0x3ce1820f, 0x3ccdfb7f, 0x3d0370ad, 0x3d136394, 0x3d0afded, 0x3cbbdc7e, 0x3cae1461,
    0x3cbfc990, 0x3cc1c5f1, 0x3cafc552, 0x3c85bf50, 0x3cd2706f, 0x3ceca419, 0x3ca7ece2, 0x3cc25348,
    0x3d03d683, 0x3cce7b23, 0x3d0e76cf, 0x3ce391fc, 0x3cf90975, 0x3ccbc47c, 0x3ca90e5f, 0x3ca74c03,
    0x3cd1b6db, 0x3cdb78dd, 0x3cfda769, 0x3d3e2499, 0x3ca28c39, 0x3c8e1254, 0x3cdf6b57, 0x3cadadec,
    0x3cdee5e0, 0x3d013580, 0x3d00b32d, 0x3cd18364, 0x3ccb4555, 0x3cb50b76, 0x3cad1b46, 0x3cccb4e3,
    0x3ca2e1f1, 0x3cd637d8, 0x3cd63673, 0x3cb78e11, 0x3ccd9c9e, 0x3ce8a088, 0x3cf26542, 0x3caff0e7,
    0x3cd62797, 0x3cb063dc, 0x3ce68c44, 0x3cc9ad77, 0x3cc75438, 0x3ca4e159, 0x3ca88f0f, 0x3cbd2bc7,
    0x3cf2db9b, 0x3d0fe4d2, 0x3cb52f8f, 0x3ca33ea8, 0x3d044e9e, 0x3cf49b10, 0x3d0ceb20, 0x3d046136,
    0x3cbc5d81, 0x3d0abc15, 0x3ce7ba04, 0x3ce426fc, 0x3cd50b00, 0x3d27e3b6, 0x3ca4e38f, 0x3ccfc017,
    0x3ccf8f56, 0x3cc8a6b9, 0x3ce0430b, 0x3cb6201c, 0x3c93db36, 0x3cfc25c0, 0x3cc980f9, 0x3cc91264,
    0x3cc5741a, 0x3d0ce944, 0x3d015fa2, 0x3ce8f9ba, 0x3ca7f971, 0x3cb8823d, 0x3cb8733d, 0x3ca14fbc,
    0x3ca71a25, 0x3cd8e741, 0x3cb4a91f, 0x3ca4d941, 0x3cb94787, 0x3cb83ebe, 0x3ca6724c, 0x3d0b18ef,
    0x3ca504fb, 0x3d05549b, 0x3d0cd388, 0x3cc92327, 0x3cda269c, 0x3d05961e, 0x3cd63c45, 0x3d417fe8,
    0x3cd6c3c2, 0x3c5d9e19, 0x3caa6d14, 0x3ca485c3, 0x3cbd01bd, 0x3cb9f3f7, 0x3ca5483b, 0x3cccddd0,
    0x3d1dbbb9, 0x3cd858bc, 0x3cc1bb91, 0x3cef8760, 0x3ce5aec1, 0x3caf7f3d, 0x3cd0e652, 0x3ce16a05,
    0x3ccc98cf, 0x3ccc7a3f, 0x3d339b5a, 0x3c956f9b, 0x3cd278ae, 0x3cd37e94, 0x3cad5266, 0x3cb5751f,
    0x3cc4c735, 0x3c9fc984, 0x3c9b4218, 0x3cbf6a6c, 0x3cda42ae, 0x3cc68ffa, 0x3cac6325, 0x3cd5e6c9,
    0x3cd2779b, 0x3caed0f7, 0x3cb37eaa, 0x3cc0930b, 0x3ca0d6e2, 0x3cb2d992, 0x3c9711ab, 0x3cc89701,
    0x3ceceb02, 0x3cd70b70, 0x3cf95b39, 0x3cccc42b, 0x3ce01cf2, 0x3ca1299c, 0x3ce572e7, 0x3ce4905d,
    0x3d11a0e0, 0x3cfc7dcf, 0x3cbffc81, 0x3cd5003c, 0x3cc12acc, 0x3cb4e9ee, 0x3cd3ce46, 0x3d130cb4,
    0x3c931f1a, 0x3ce01f94, 0x3cca9bf4, 0x3cd8fffa, 0x3d1e8cfb, 0x3ca0d660, 0x3cdf5805, 0x3c95dd2c,
    0x3cd3f338, 0x3d012619, 0x3ca09e42, 0x3ce319e2, 0x3c8ca468, 0x3cbfd48a, 0x3cd3da22, 0x3c955fe2,
    0x3caeb973, 0x3cac3566, 0x3cbc0f6e, 0x3ccd6e51, 0x3d27268f, 0x3c9955d0, 0x3cc21c00, 0x3cbd7989,
    0x3cf78e48, 0x3ccf0169, 0x3c5eacf1, 0x3cb4eec1, 0x3caf8215, 0x3d00ed87, 0x3c8897da, 0x3cc5f81f,
    0x3cebafa6, 0x3d0acd61, 0x3cd72448, 0x3cccb966, 0x3cdc40ec, 0x3cb0eb47, 0x3cd4da20, 0x3c919972,
    0x3d019d43, 0x3cc1454e, 0x3cb9594f, 0x3ca9e707, 0x3caaa6cb, 0x3c87be54, 0x3c9dd6ed, 0x3ca34e70,
    0x3cd9aadd, 0x3cc63b35, 0x3c9e42c7, 0x3cd14d16, 0x3c8a8164, 0x3cbb14b9, 0x3ca43200, 0x3cdaf9d0,
    0x3cf8c7a2, 0x3cc4f82a, 0x3cb1b609, 0x3cec87a5, 0x3cf80cce, 0x3c96831b, 0x3cca67ad, 0x3c99aa22,
    0x3cb2327c, 0x3cafd089, 0x3cc61714, 0x3d223688, 0x3c9bd950, 0x3cc1c24a, 0x3cfccf8c, 0x3cd89b83,
    0x3c9f1162, 0x3c90108a, 0x3c984767, 0x3c9f79bd, 0x3cafaedc, 0x3cb8aebb, 0x3c806800, 0x3ce64e7b,
    0x3c9e135a, 0x3cc6abaa, 0x3ce29052, 0x3c9a0cbe, 0x3ca818e4, 0x3cbad4e5, 0x3d5e1d46, 0x3ca7f5db,
    0x3d02cf82, 0x3ccb6e06, 0x3cdc5315, 0x3cb9a4a5, 0x3cbca5cb, 0x3caaa37c, 0x3ce46fa3, 0x3cd22975,
    0x3cc5eae3, 0x3cc773c6, 0x3cbdf16e, 0x3cbc6015, 0x3cc50f08, 0x3cbd528a, 0x3cf97460, 0x3c9da04a,
    0x3ce0d57b, 0x3c9cf061, 0x3d1135fb, 0x3cb3b785, 0x3d009cf6, 0x3c8f2278, 0x3cae0d1c, 0x3c8e7bc3,
    0x3d0acf59, 0x3cddf715, 0x3c9a4bff, 0x3cd04743, 0x3c987fdd, 0x3cefa706, 0x3ce0c25b, 0x3ca0efdc,
    0x3cf59822, 0x3c99efa1, 0x3cfc4650, 0x3cb9b714, 0x3cb67c33, 0x3cb71f18, 0x3cac404c, 0x3c918d00,
    0x3cdad3a6, 0x3cd801b6, 0x3cc81663, 0x3ca94434, 0x3c8ead95, 0x3c9db3b2, 0x3c8d8eb6, 0x3cd87b17,
    0x3ca3847d, 0x3c9e49f5, 0x3cb98ec2, 0x3ca15ae3, 0x3cd99372, 0x3caf46ba, 0x3cb597c4, 0x3ce342c2,
    0x3cb9b974, 0x3cc77807, 0x3c9f4bda, 0x3c9d35e5, 0x3cf13985, 0x3cef11d1, 0x3c5fe89a, 0x3cc14d2f,
    0x3cc112c3, 0x3c9a6685, 0x3ca705f1, 0x3cc053a4, 0x3d276612, 0x3d153452, 0x3cb38428, 0x3cc32a8d,
    0x3cbdbda9, 0x3ca61d7d, 0x3cae1a05, 0x3ce04f53, 0x3ccdeace, 0x3cf9d677, 0x3cd0765f, 0x3cad5eb7,
    0x3d0549e5, 0x3c9778df, 0x3cbe95c2, 0x3cc79fba, 0x3cebbb42, 0x3c9e2cd4, 0x3cee4b52, 0x3cbe4766,
    0x3cda78cd, 0x3cbc58d9, 0x3ce398f3, 0x3cdda3d8, 0x3d03d4dc, 0x3caeb24b, 0x3cc207a0, 0x3cca4c93,
    0x3cb8e5e2, 0x3cb4d5ec, 0x3c9d5615, 0x3d25c2ae, 0x3cae9b6e, 0x3cc78d60, 0x3d0a2558, 0x3cdcb3de,
    0x3c841f78, 0x3cad24c5, 0x3cf8559c, 0x3cdc524a, 0x3cdad70c, 0x3c8f7dce, 0x3cbde8ab, 0x3c8ca346,
    0x3cbc8294, 0x3c9a7382, 0x3cc68730, 0x3d071b07, 0x3c9c5383, 0x3cc7dcd9, 0x3cd39f0f, 0x3cbc480b,
    0x3ca8ec4f, 0x3cabc19c, 0x3cef354a, 0x3c979694, 0x3c908ed7, 0x3c8b3302, 0x3c9d5cc9, 0x3cbb17f1,
    0x41765a11, 0x30f1a184, 0x3ebb21d4, 0x42842209, 0x3f16e31c, 0x40b4e058, 0x3f30a5f3, 0x4053e7fc,
    0x41029c81, 0x403e4a4b, 0x3f781a9d, 0x3fe61119, 0x406ea089, 0x3a285ff9, 0x3f119910, 0x3f22b2e0,
    0x42177cef, 0x3f7b3330, 0x3f4cd6e5, 0x3fb75a9a, 0x3edc1db1, 0x3f965228, 0x3efb6f0e, 0x400c36d9,
    0x3fb370c7, 0x3ecf9830, 0x3f1ee9d8, 0x3eb37750, 0x401cec5d, 0x40a9ac28, 0x408cd93d, 0x3eeba004,
    0x3f0c45a6, 0x407026bc, 0x3f39fab6, 0x343074c6, 0x3f20ef88, 0x3ee44b8b, 0x3eb442e4, 0x3e88e12a,
    0x3ee06756, 0x4052b979, 0x3f8da206, 0x3ebf3dd0, 0x3ea05436, 0x3f0def9b, 0x3fa33185, 0x3ea9e1b2,
    0x3f8124c7, 0x3e7c87e8, 0x3ebf96d3, 0x3efe0457, 0x3e9e83bb, 0x3f15ce2e, 0x3e878d03, 0x3f0736b1,
    0x3e63e07a, 0x3efbaf0c, 0x3e7b829d, 0x3e78bb73, 0x3f3f56ec, 0x3ebc753b, 0x40b51512, 0x3f9a3f84,
    0x3eab5c17, 0x3f3a6915, 0x3e9ee6cb, 0x3f07283a, 0x3f9c3775, 0x3e49f376, 0x3e437c54, 0x3ed915fc,
    0x3f52589b, 0x3f70c34b, 0x3e9de604, 0x3ea09a43, 0x3ec69799, 0x3f186d5b, 0x3e63fa2f, 0x3f57dad7,
    0x3e8f9e68, 0x3f1dbee9, 0x3e895ad0, 0x3f3359b6, 0x3ec6743e, 0x3f7cc4d4, 0x3f2338de, 0x3f08e99d,
    0x3f2b4c7a, 0x3faf311f, 0x3f23c9ae, 0x3ec3ab85, 0x3f6e4216, 0x3ed49524, 0x3f0317fa, 0x3e6780ef,
    0x4014e53b, 0x3f3c6565, 0x3e6c7d8c, 0x3eb03285, 0x3e8f46f6, 0x3e8e6f42, 0x3eef4c4f, 0x3f3d89ca,
    0x3eedf0b2, 0x3eede224, 0x3eab2caf, 0x3f5732b2, 0x3e741698, 0x3f4c7a86, 0x3f6279ad, 0x3e63d03f,
    0x3f09391c, 0x3e8fc045, 0x3f1a6da2, 0x3e937e10, 0x3eabfb56, 0x3e8c362b, 0x3f3e8676, 0x3ee90e41,
    0x3eddba2b, 0x3ef9416b, 0x3f06ddaf, 0x3e844378, 0x3efff6ae, 0x3f132546, 0x3edd627c, 0x3f070919,
    0x3f2042c1, 0x3f0e9c65, 0x3f007b92, 0x3f1e9eee, 0x3edb4342, 0x3f1d66d6, 0x3ed2f656, 0x3e7d32d8,
    0x3ed9110b, 0x3f319c26, 0x3ee604d3, 0x3f346c91, 0x3ec03e4e, 0x3eb78b98, 0x3f716847, 0x3f0c05d2,
    0x3ed24079, 0x3ef14367, 0x3f207244, 0x3f23f2a2, 0x3ede81ac, 0x3eccc790, 0x3f26e355, 0x3efdef22,
    0x3e96541c, 0x3f045a0e, 0x3efc6cfe, 0x3e9f3966, 0x3f0573f5, 0x3f0cee11, 0x3f069131, 0x3f2113cf,
    0x3ed29a93, 0x3ef36817, 0x3ebf67c0, 0x3f406888, 0x3f20f395, 0x3f8df4df, 0x3f0084dc, 0x3efc6680,
    0x3eee9b49, 0x3f2a18bd, 0x3f0a7489, 0x3ee72cc9, 0x3ef406fe, 0x3edbec26, 0x3ea44117, 0x3f0b4096,
    0x3ecb5dc9, 0x3f001ef4, 0x3f33c326, 0x3ea92ee2, 0x3eac4941, 0x3ef9f688, 0x3efadc6d, 0x3f15dda8,
    0x3efc382b, 0x3f070e88, 0x3ebb6cc4, 0x3f0aa82b, 0x3f0d6b78, 0x3eefe912, 0x3ecfbf1d, 0x3f112788,
    0x3ee63e68, 0x3f0011f7, 0x3ecde698, 0x3eb8b171, 0x3f0cf13e, 0x3f151f11, 0x3ec530ce, 0x3ecd9da5,
    0x3e7c9f19, 0x3f79229d, 0x3ea45c1c, 0x3ebe095a, 0x3f153ac7, 0x3ebe3364, 0x3f69fcdb, 0x3eea6357,
    0x3ecccc07, 0x3e79f48b, 0x3f03697e, 0x3ee620c3, 0x3ee46143, 0x3f00e551, 0x3f061b5f, 0x3ea65b7b,
    0x3ea90f03, 0x3ec33207, 0x3ecf1a1a, 0x3e84adf9, 0x3eed7581, 0x3f0c80e8, 0x3eb83c4e, 0x3eaeab0c,
    0x3ec4a82a, 0x3ef074e0, 0x3edf2af9, 0x3f0d8a4d, 0x3ea3b893, 0x3ec5b7b5, 0x3f04d9ba, 0x3eeeec35,
    0x3ed4d9f6, 0x3ed72374, 0x3ef963bb, 0x3ea8f9e6, 0x3f0ab63b, 0x3ee770d0, 0x3eee4e67, 0x3ed05c27,
    0x3e6c613e, 0x3ed5ee91, 0x3ed363ad, 0x3ec23a0a, 0x3f0e52a1, 0x3f06866c, 0x3ebbe50e, 0x3ee941e9,
    0x3eb35be1, 0x3f023ebc, 0x3ed4127b, 0x3e8c25a6, 0x3f068f3f, 0x3ef6f904, 0x3eefb1ce, 0x3e846dc4,
    0x3eb85408, 0x3eb7ccda, 0x3e9f3f83, 0x3eff5911, 0x3ef857d8, 0x3ea6897a, 0x3f039330, 0x3e69adeb,
    0x3ed68348, 0x3e9d7fd4, 0x3e9b3e8d, 0x3eb23aec, 0x3e9a47d5, 0x3e9a2797, 0x3ee7fe0d, 0x3e5c6dcf,
    0x3f1346fb, 0x3ea5f8d1, 0x3e8c91f4, 0x3ed9e403, 0x3eb88c01, 0x42e5e69f, 0x3ebfcdae, 0x3ebdfca4,
    0x3edf3703, 0x3ed28840, 0x3e9525d7, 0x3ec788d9, 0x3f0527db, 0x3e63194d, 0x3ea510bc, 0x3e9f5d48,
    0x3f214bdd, 0x3ecbef3a, 0x3ea005d5, 0x3eb1d450, 0x3f026fb9, 0x3f0b6755, 0x3ecd778c, 0x3ed69d6f,
    0x3eb446d3, 0x3ea7ec90, 0x3ea4cba6, 0x3ed3036f, 0x3eac7b72, 0x3eca671f, 0x3ead4f6e, 0x3ef32304,
    0x3ea90693, 0x3e54516c, 0x3ebed4da, 0x3efbf873, 0x3ee5838f, 0x3ea19b3d, 0x3ee48f45, 0x3ea3ac42,
    0x3e51e044, 0x3eda7ce6, 0x3e90dc28, 0x3ec36d8c, 0x3ea4a619, 0x3ea49b52, 0x3ed93d4f, 0x3ecad748,
    0x3ebdfa52, 0x3eb4634f, 0x3ebc0290, 0x3f0217e9, 0x3edd695c, 0x3ea3dabc, 0x3eb57556, 0x3ec60cb3,
    0x3eeaa319, 0x3ee5f98e, 0x3ed52436, 0x3eeeea6c, 0x3eba94d8, 0x3ea8354f, 0x3ec95177, 0x3e98667f,
    0x3e953ebb, 0x3e6989e5, 0x3eb35ee3, 0x3e73708a, 0x3e88ab15, 0x3ed2ff34, 0x3e822055, 0x3ec73956,
    0x3ebdd0c8, 0x3eab960b, 0x3eb2d940, 0x3f04ad14, 0x3e75b7a2, 0x3e977905, 0x3eb1b9ad, 0x3e9222e0,
    0x3ef77a2b, 0x3e9e5637, 0x3ec05281, 0x3efd0863, 0x3eb2dd65, 0x3ee2d518, 0x3e15f684, 0x3ea0b6b4,
    0x3ecc1a33, 0x3e7dffad, 0x3e7e6299, 0x3ebd0f47, 0x3ece8fac, 0x3ef214d4, 0x3ea75ef6, 0x3eeea554,
    0x3ea3fa08, 0x3eb5c2ac, 0x3e9cc8df, 0x3eaf2f56, 0x3eaac294, 0x3ebde68f, 0x3edcbbe5, 0x3e983c3c,
    0x3e90f7f0, 0x3eaf5eea, 0x3ed2b5e2, 0x3eb08bec, 0x3ebc0836, 0x3e7e528e, 0x3fb200ef, 0x3eb15a06,
    0x3eae4b49, 0x3e94cfdd, 0x3e9aae80, 0x3e8f5cae, 0x3e97dc25, 0x3e7a9b3b, 0x3ea0ba0a, 0x3eb1a2ed,
    0x3e915a22, 0x3eba9a57, 0x3e99aece, 0x3efbf74f, 0x3e92413f, 0x3eb22aeb, 0x3ec50b7c, 0x3eb4b613,
    0x3ed2d14d, 0x3e94cf1b, 0x3eacc877, 0x3eb2f975, 0x3eb748c3, 0x3eaac684, 0x3e93596a, 0x3e9f7aaa,
    0x3e959f38, 0x3ea0a443, 0x3eb7e51a, 0x3ead8272, 0x3e8e24b0, 0x3ee6243c, 0x3eb134a7, 0x3eadd373,
    0x3e693a48, 0x3ec2cd1f, 0x3eac9a74, 0x3eb991c6, 0x3e9f37fc, 0x3ebd3571, 0x3eacab44, 0x3e9f48ae,
    0x3ec94b08, 0x3e837048, 0x3eaaba81, 0x3e82844e, 0x3f0861f0, 0x3e84d7de, 0x3ea9fdcc, 0x3ea1e9dc,
    0x3e978a01, 0x3e970fea, 0x3e966b92, 0x3ec78a48, 0x3e857371, 0x3ead946f, 0x3eb50826, 0x3e8ce6b1,
    0x3ec297e4, 0x3ea62abc, 0x3eab902d, 0x3ebbf7c9, 0x3ec223ae, 0x3ea87e67, 0x3ebd1953, 0x3e904302,
    0x3eaf65ea, 0x3eaf276c, 0x3ea4f7ff, 0x3e93a653, 0x3ea4e9f4, 0x3ea182c1, 0x3eaf6a66, 0x3e95392b,
    0x3e83a87e, 0x3e9f2c6d, 0x3e99dd74, 0x3eb6606f, 0x3ea3c9fc, 0x3ea137bf, 0x3e9f01d2, 0x3eb58407,
    0x3e9c97f7, 0x3ebb4963, 0x3e8c28b8, 0x3e85edfd, 0x3ea5ff66, 0x3e9df8f3, 0x3eb35919, 0x3ea0d5e4,
    0x3e92413e, 0x3e93b748, 0x3f0769ce, 0x3e94c2fb, 0x3ea76c7d, 0x3e9ad65e, 0x3ed0e68c, 0x3e904cde,
    0x3eb08c12, 0x3ed348db, 0x3eb4a510, 0x3eb2df14, 0x3e7677c7, 0x3eb83092, 0x3e9f53e4, 0x3eccdaec,
    0x3e95f502, 0x3eb2e967, 0x3ea4d9ff, 0x3e9c2f03, 0x3ea28b5b, 0x3e95bfbd, 0x3eaa1897, 0x3e9e153f,
    0x3f7ed62e, 0x3e958b44, 0x3ea296af, 0x3e832a54, 0x3eaa265f, 0x3ea56667, 0x3e9aa765, 0x3e8b96b0,
    0x3eb813cd, 0x3ea21402, 0x3e937ddf, 0x3ea50170, 0x3e86dd0e, 0x3ea6c78b, 0x3ea0569d, 0x3e8f08e4,
    0x3ea1829a, 0x3ea8e1f6, 0x3ea6be2f, 0x3e9f607b, 0x3ea7249d, 0x3ea24f6b, 0x3e929f14, 0x3e9aeac7,
    0x3e957fa0, 0x3ed3d871, 0x3e8a1d2a, 0x3e7916f2, 0x3e99c5d2, 0x3e97a496, 0x3e9a84ce, 0x3ebd5231,
    0x3e997724, 0x3e6ead36, 0x3e6f96a8, 0x3e9c6d04, 0x3ed0ab3a, 0x3e832874, 0x3e9e909f, 0x3ea5aabf,
    0x3e983030, 0x3e98f65a, 0x3ea884c6, 0x3ea2b26f, 0x3e8ad6e9, 0x3e924ea8, 0x3e88d8fc, 0x3e953693,
    0x3eaa0e7a, 0x3e7e958b, 0x3ea16ba3, 0x3e9bd324, 0x3e9e7b7d, 0x3e90be80, 0x3ed0c569, 0x3e8448e6,
    0x3e94699d, 0x3e94d11e, 0x3e9157c8, 0x3e91f375, 0x3e97b413, 0x3e9e6636, 0x3e9bbf07, 0x3ea2947d,
    0x3e8dcfc0, 0x3ec9ea2a, 0x3e8d2659, 0x3ea65c90, 0x3ea716f0, 0x3eb55f83, 0x3e8dcf83, 0x3ee0869c,
    0x3e9e9f77, 0x3e917502, 0x3e9c0e7e, 0x3e9a1fc9, 0x3e8329a2, 0x3e9a9371, 0x3eb55355, 0x3ea9013c,
    0x3e9ea4cc, 0x3e82cb59, 0x3ea32fe6, 0x3e82f05c, 0x3ea51151, 0x3e8f0277, 0x3e975541, 0x3e86cd7e,
    0x3e8a9fa9, 0x3e90c741, 0x3e9147f1, 0x3ec7f269, 0x3ec21332, 0x3ecce7e3, 0x3e81c4ca, 0x3e9720be,
    0x3e93d614, 0x3eaacda2, 0x3eb05e5f, 0x3e81726f, 0x3e940d8f, 0x3e939e4f, 0x3eb66f3d, 0x3e8b0199,
    0x3e96795a, 0x3e8c1f76, 0x3e9dc721, 0x3e952cda, 0x3e8838f1, 0x3ecd885f, 0x3e9fb60c, 0x3e9841b9,
    0x3e83832f, 0x3e92d2df, 0x3eb81004, 0x3e8ccfcf, 0x3ea0cd28, 0x3e9d439b, 0x3e92a9c4, 0x3e8d4313,
    0x3e88c437, 0x3e8f1171, 0x3e8847c8, 0x3ea49028, 0x3e9293a0, 0x3e833f47, 0x3e9af622, 0x3e9a1574,
    0x3e99bba1, 0x3e9f8960, 0x3e911a2c, 0x3e993819, 0x3e9d3730, 0x3e87f381, 0x3e8c2246, 0x3e74e9e2,
    0x3eadd2c1, 0x3ea10148, 0x3e92c1f7, 0x3e99d833, 0x3e8922b3, 0x3ea81b5b, 0x3e99cf1b, 0x3e8e7f5c,
    0x3e840e34, 0x3e9cae74, 0x3ea116fb, 0x3e961579, 0x3eaa58c4, 0x3e8442ff, 0x3ea4a1a9, 0x3e96935b,
    0x3e831906, 0x3ea18979, 0x3e7e4feb, 0x3e89e223, 0x3ebf5e97, 0x3e8d5ae5, 0x3e9318f8, 0x3e9c379e,
    0x3e81b607, 0x3e78beb8, 0x3e98df96, 0x3e7a91eb, 0x3e8a4394, 0x3e9ecd72, 0x3e9d2be4, 0x3ea4fbd7,
    0x3e983dce, 0x3e9db7e1, 0x3e6b8c8c, 0x3e80a3d1, 0x3e8b1438, 0x3e947da8, 0x3eabdb11, 0x3e6a8a18,
    0x3e8b9b90, 0x3eaf4f87, 0x3ed67ffa, 0x3e96124e, 0x3e9ef6ed, 0x3e952573, 0x3e8faaf6, 0x3e922f4e,
    0x3e9d30bd, 0x3eb5396e, 0x3e895159, 0x3e95347c, 0x3ebdd577, 0x3ed3760f, 0x3eac7c2f, 0x3e9199ba,
    0x3e994e1c, 0x3e8d2fb1, 0x3e909a8e, 0x3e803cfc, 0x3e90f1b5, 0x3e93c496, 0x3e8e22af, 0x3e6f3288,
    0x3ea526a2, 0x3eb48619, 0x3ea1b251, 0x3e9ee847, 0x3e87562c, 0x3e9d3db2, 0x3e9b7633, 0x3e9e8978,
    0x3ea549cf, 0x3e84817c, 0x3e97ea07, 0x3ea81300, 0x3e78bc49, 0x3eb29a7a, 0x3ea6d0e8, 0x3e831ba5,
    0x3ea298e5, 0x3eb71733, 0x3e89d8fe, 0x3e98da4e, 0x3ed07ef5, 0x3e8c4fcb, 0x3ea0f4f7, 0x3e94cfad,
    0x3e94d15e, 0x3e9e92bc, 0x3e9b94ce, 0x3e8d8e4f, 0x3e843384, 0x3e8460f3, 0x3e9752c8, 0x3e82e113,
    0x3ea135dd, 0x3e9cb9fc, 0x3e8fb3d8, 0x3e9078a7, 0x3e87664a, 0x3e8de609, 0x3e870349, 0x3e8d9bc1,
    0x3e80e1e1, 0x3e8d5a52, 0x3eb2b876, 0x3e9fe70f, 0x3ec89b77, 0x3eadaa68, 0x3e922850, 0x3e9ea629,
    0x3e8a9796, 0x3e946562, 0x3e982bae, 0x3e9ff1d0, 0x3e77ff37, 0x3e9e4bc3, 0x3e9714ff, 0x3e8aab58,
    0x3e7fa663, 0x3ea0b7ce, 0x3e99f341, 0x3e9bf318, 0x3e9cb204, 0x3e937813, 0x3ebabb2b, 0x3eab316d,
    0x3ea76b88, 0x3eaf3181, 0x3e95b7de, 0x3e90fb04, 0x3e891015, 0x3eb4f58c, 0x3e904d46, 0x3e904cb0,
    0x3e98a656, 0x3e94f3aa, 0x3e9165c0, 0x3ea072be, 0x3e8e5c2a, 0x3e7e6fca, 0x3ebecf76, 0x3ec0bdcc,
    0x3e8bf0f1, 0x3e99c924, 0x3e86cc99, 0x3ed4e9c9, 0x3e83642a, 0x3e793827, 0x3e857cb9, 0x3e85323c,
    0x3ec722ac, 0x3e9b1eac, 0x3e6eb613, 0x3e7fe5da, 0x3e9218c9, 0x3e863f63, 0x3ea52197, 0x3ea54048,
    0x3eb1d3a5, 0x3e99ab07, 0x3e95fa35, 0x3e8f723a, 0x3ea85184, 0x3ea178aa, 0x3eab2f35, 0x3e838a5f,
    0x3e9d6826, 0x3ea325f3, 0x3e9e8b9b, 0x3e939efa, 0x3e9493d5, 0x3e839a8d, 0x3eab9cdf, 0x3e8b9820,
    0x3eb74a61, 0x3e895e1b, 0x3e8d4b70, 0x3e6a61c5, 0x3e8665b4, 0x3e91d888, 0x3ea74eca, 0x3e8e485b,
    0x3e91a0bd, 0x3e8e92bb, 0x3e9851e2, 0x3e895853, 0x3ea0ca8d, 0x3ebd284d, 0x3e81bd64, 0x3e860b15,
    0x3e918e06, 0x3e7cbb92, 0x3e904dbf, 0x3e703594, 0x3e8c53f9, 0x3e922a9f, 0x3eaf851b, 0x3e925781,
    0x3e814707, 0x3e83a18e, 0x3ea07dc9, 0x3e9731ca, 0x3e8d50f8, 0x3e97a52a, 0x3e862478, 0x3ea9f429,
    0x3ec8ba20, 0x3e8e3c9b, 0x3e88a9a3, 0x3e8ad5aa, 0x3e855413, 0x3e8eb08a, 0x3e85f75c, 0x3e921ffe,
    0x3eb40621, 0x3e879eb2, 0x3e8e3beb, 0x3e7ec534, 0x3e9e9de3, 0x3ead53c8, 0x3e94a140, 0x3e95d467,
    0x3e9c38f3, 0x3e8610f4, 0x3e97b184, 0x3ea4c11a, 0x3e8b1f4a, 0x3e9e0ad7, 0x3e8cfebb, 0x3e8c2dc4,
    0x3e901f54, 0x3ec8c620, 0x3ea388e8, 0x3e9712db, 0x3ea0d5fd, 0x3ebee0d3, 0x3e7e5be5, 0x3ea2a9cd,
    0x3e9c0455, 0x3e7e991e, 0x3e9dfe6e, 0x3e8deeaa, 0x3e9f6b58, 0x3e9973f8, 0x3eac1453, 0x3eadf0d7,
    0x3e882dfa, 0x3ea2ab66, 0x3e867954, 0x3e8b72dd, 0x3e980334, 0x3e788da6, 0x3eb0bb9e, 0x3e936c0d,
    0x3e761e01, 0x3eb6ecdd, 0x3e8e461e, 0x3e851b3b, 0x3e84f38d, 0x3ec14f6d, 0x3e87dba7, 0x3e9e9fff,
    0x3eadedf1, 0x3e925227, 0x3e8e94ed, 0x3e6f9124, 0x3e91f61c, 0x3ea4ab35, 0x3e97efa6, 0x3e91dda8,
    0x3e946251, 0x3e8e8b21, 0x3e961fac, 0x3e833b6d, 0x3e810ec2, 0x3e87f199, 0x3ea693a2, 0x3e9af349,
    0x3e9ab473, 0x3e8666f6, 0x3ea23bdd, 0x3eed0730, 0x3ea051e9, 0x3e815b7c, 0x3e9738fe, 0x3e9a3f9e,
    0x3e8a66ee, 0x3eb38e7b, 0x3e926712, 0x3e8a4da7, 0x3e922a6f, 0x3e84d4c9, 0x3e8f4121, 0x3e91ca1c,
    0x3e87d782, 0x3ea12359, 0x3e9a52b9, 0x3e876650, 0x3ea38b6e, 0x3e994d6e, 0x3e896ec8, 0x3e90ef05,
    0x3ea4a353, 0x3e88e1ee, 0x3e90924e, 0x3e9d5052, 0x3ec02474, 0x3e8c2293, 0x3e924c36, 0x3e8b3d4d,
    0x3e81434f, 0x3eb14686, 0x3e9305fe, 0x3ea75869, 0x3ea3482b, 0x3e8c2aaf, 0x3eb29e87, 0x3eea80ca,
    0x3e9e8ad7, 0x3e8946c5, 0x3ec4f398, 0x3ebb1d5b, 0x3e80f34e, 0x3ea2a0fe, 0x3e9e6fd9, 0x3e9cb5d0,
    0x3ea196e9, 0x3eaea86d, 0x3e809f0a, 0x3e8de307, 0x3ea4aecf, 0x3e922f23, 0x3e9b81ba, 0x3e9194bb,
    0x3e94d8f0, 0x3eb17c26, 0x3e7770cc, 0x3e8cea17, 0x3e8e67dc, 0x3e7c265b, 0x3e99fb19, 0x3e6f821b,
    0x3e8aac47, 0x3e9de611, 0x3e6fb4d0, 0x3e8db7a1, 0x3e9f18bb, 0x3e8897da, 0x3e919d47, 0x3e9f5098,
    0x3e896efb, 0x3eb29122, 0x3e8d4d6c, 0x3e969161, 0x3e990f38, 0x3e8ac227, 0x3ea97919, 0x3eb83029,
    0x3e853b60, 0x3eac11c9, 0x3e890147, 0x3e9400f8, 0x3eab9e4c, 0x3e89eb39, 0x3ea74401, 0x3e89f8e0,
    0x3e8ce600, 0x3e9574a2, 0x3e863b06, 0x3ea1c188, 0x3e7ffd53, 0x3e88fa44, 0x3e74fb45, 0x3e70fa90,
    0x3ea6481f, 0x3e964515, 0x3e99abfd, 0x3e83efdd, 0x3e9ae483, 0x3e9859f5, 0x3e95904d, 0x3ea5f167,
    0x3e935b27, 0x3e80a19f, 0x3e900ab4, 0x3e8ae369, 0x3e8a241f, 0x3e8ed73a, 0x3e879388, 0x3e9baba1,
    0x3ce92929, 0x3da7c22f, 0x3ce51007, 0x3cd76604, 0x3d273e9d, 0x3dc0a354, 0x3cd36b7c, 0x3ce6a9ee,
    0x3d07dd82, 0x3f80adbc, 0x3d20db84, 0x3d3ad4cd, 0x3cd276dc, 0x3d09d234, 0x3e0a92dd, 0x3eaeb413,
    0x3cf6fa76, 0x3d2786ac, 0x3d1e800a, 0x3d65e778, 0x3d658895, 0x3cf7cdf1, 0x3d2f925d, 0x3d5b6571,
    0x3d13d463, 0x3d218359, 0x3cdcb2c3, 0x3d016d5d, 0x3d368f1d, 0x3d979d19, 0x3d8697bc, 0x3e4e3305,
    0x3d0b8347, 0x3e07b427, 0x3d1ebc0f, 0x3d295c33, 0x3db0858b, 0x3da9535e, 0x3db51412, 0x3d0f33c1,
    0x3d7be15f, 0x3d01c737, 0x3e42d641, 0x3e6a89af, 0x3d3f6e0e, 0x3e1325d9, 0x3d71cc3d, 0x3d6426cd,
    0x3d1b8d3e, 0x3f231e17, 0x3d1e477c, 0x3d3380f4, 0x3e1791dc, 0x3ced0637, 0x3d1ba99b, 0x3f481807,
    0x3d280f64, 0x3d86e037, 0x3e14d1bd, 0x3d0bd8a2, 0x3e5d945b, 0x3dd72c6a, 0x3e38ada6, 0x3da44b69,
    0x3d89e8cf, 0x3d71a519, 0x3cf9a524, 0x3d2279ad, 0x3d11a2e8, 0x3e825fd8, 0x3d6ef1a9, 0x3d7419ab,
    0x3cc4bb40, 0x3d494ee9, 0x3cde543e, 0x3d31ca97, 0x3d7d2d79, 0x3d9bca40, 0x3d401f9a, 0x3ce7234e,
    0x3d291589, 0x3d03b129, 0x3de799b9, 0x3d2777a8, 0x3ce9c5d6, 0x3cebafa0, 0x3d37f157, 0x3d39214d,
    0x3d1dee12, 0x3cda7f55, 0x3d9b27e9, 0x3cfefecf, 0x3d2eb8ed, 0x3df0a7f4, 0x3d32ad8e, 0x3cd6fe3a,
    0x3d08f16a, 0x3d910003, 0x3d42f49d, 0x3d2fc3f8, 0x3ce4c410, 0x3d8f20a2, 0x3cfd84db, 0x3d068f4f,
    0x3d09135c, 0x3cfe28fc, 0x3d46072e, 0x3e2b2ee5, 0x3f1cb768, 0x3d123e1a, 0x3ccb7dbb, 0x3d6fabcc,
    0x3d004316, 0x3cae9191, 0x3cd8711d, 0x3d209e64, 0x3d2aa6c0, 0x3d1af553, 0x3d095a7e, 0x3d0cd3f5,
    0x3ce96ca5, 0x3d377785, 0x3d147375, 0x3d6062df, 0x3cf03671, 0x3d2a4e91, 0x3d227d19, 0x3d2dac6b,
    0x3d107873, 0x3dbb0e87, 0x3d0bdcee, 0x3d0d2110, 0x3d42156d, 0x3dff41a3, 0x3d24f1b7, 0x3d153e5b,
    0x3d69777f, 0x401d6973, 0x3d8befb5, 0x3d677575, 0x3cefbc5f, 0x3d3069d2, 0x3e3e595e, 0x3ef92660,
    0x3d400d1f, 0x3db5bb3b, 0x3d58e9d1, 0x3db16179, 0x3da3cfed, 0x3d3f7612, 0x3d904061, 0x3d979d19,
    0x3d56ba2e, 0x3d71baf1, 0x3d1143eb, 0x3d48a82a, 0x3d71938e, 0x3dff8847, 0x3dc4fe83, 0x3e8784f2,
    0x3d7ed6dd, 0x3e0b51aa, 0x3d4eb8b4, 0x3d6a521d, 0x3dc639cf, 0x3df3c408, 0x3e34716e, 0x3d3f09a0,
    0x3db5f73f, 0x3d662f95, 0x3ed3e68f, 0x3ea16aa2, 0x3d9c72c0, 0x3e4edf49, 0x3dd8df72, 0x3da15e6f,
    0x3d5e9da8, 0x3f788a13, 0x3d6f94c2, 0x3d817e57, 0x3e9594ba, 0x3d360f5d, 0x3d7131b1, 0x3f0a4db8,
    0x3d75ebb8, 0x3e0224f1, 0x3e5f6468, 0x3d636dac, 0x3e92011b, 0x3e309c0e, 0x3e645d90, 0x3dd74f3a,
    0x3dcbd181, 0x3dc26012, 0x3d30f79c, 0x3d7c2452, 0x3d82a1fa, 0x3ed105f1, 0x3da5f3f6, 0x3dc478d1,
    0x3d28bd69, 0x3d7a3df3, 0x3d1127c6, 0x3d8b681c, 0x3daec716, 0x3dbd88de, 0x3d979dd0, 0x3d36e70d,
    0x3d9b16af, 0x3d2810eb, 0x3e482ecb, 0x3d55afb1, 0x3d207478, 0x3d21524b, 0x3dc16b12, 0x3da47579,
    0x3d64b9fb, 0x3d428381, 0x3e0a57f4, 0x3d5b7851, 0x3d943ccd, 0x3e371e7b, 0x3d6b0140, 0x3d00c90c,
    0x3d330803, 0x3dc0987d, 0x3db077cf, 0x3d8713e2, 0x3d3b329e, 0x3db90b5f, 0x3d60b659, 0x3d376b1c,
    0x3d594485, 0x3d45a1eb, 0x3db36c5a, 0x3e95071c, 0x3f04f205, 0x3d2ef5f9, 0x3d0bea8e, 0x3dab41bb,
    0x3d121a65, 0x3d1080a1, 0x3d349c55, 0x3d4983c2, 0x3d5650ea, 0x3d2f9233, 0x3d6db3e1, 0x3d583d97,
    0x3d1091b8, 0x3d83be69, 0x3d7e6d27, 0x3d99a434, 0x3d34b86b, 0x3d68f3c9, 0x3d61362f, 0x3d7cc083,
    0x3d93ddda, 0x3dcb1bdf, 0x3e47865d, 0x3e482147, 0x3eced5ba, 0x3ea317b9, 0x3fbd2d1f, 0x3f0c1808,
    0x3e482f14, 0x3edf7a87, 0x3f46966f, 0x3fb61170, 0x3ebb8417, 0x3dde6779, 0x3ddb1282, 0x3ed5a87d,
    0x3e0d5778, 0x3d7299d9, 0x3eff10e4, 0x3dd1aab8, 0x3e8c660e, 0x3e89b707, 0x3d55ca1d, 0x3d1255c3,
    0x3df07071, 0x3e1bbde6, 0x3f32d586, 0x3e497068, 0x3de417f5, 0x3e0d4fe9, 0x3dd38bc7, 0x3e58ac6a,
    0x3e056ca1, 0x3e9d970e, 0x3eee99ca, 0x3e018199, 0x3e3e0512, 0x400b82b6, 0x3dd06126, 0x3e530e80,
    0x3e9b5830, 0x3e39dd11, 0x3db85290, 0x3f98b504, 0x3e42c065, 0x3e255d8c, 0x3eb5a71b, 0x3e1255d3,
    0x3e87eac7, 0x3e676197, 0x3ee39dc4, 0x3ef15b41, 0x3e2b00c8, 0x3f16e23c, 0x3e4b2c94, 0x3e303cf9,
    0x3e7891c3, 0x3eca5394, 0x3ea0999f, 0x3f4af915, 0x3d43a8ac, 0x3e1edf67, 0x3e210afe, 0x3ea6d14a,
    0x3de97ca7, 0x3fd39967, 0x3fb52bc2, 0x3dcdacc9, 0x3e6447fa, 0x3e3ee71a, 0x40f84cf3, 0x3d9002b4,
    0x3fbd702b, 0x3e86625e, 0x3e09b45a, 0x3e9f8b8a, 0x3e1c9ba6, 0x3dd9c886, 0x3e21473a, 0x3ecd66b0,
    0x3e231492, 0x3e18769a, 0x3e6ff857, 0x400666fb, 0x3d9ea832, 0x3dddbceb, 0x3da490b8, 0x3e8fe5d4,
    0x3dad1114, 0x3f9d6aa4, 0x3f024d5a, 0x3df8b967, 0x3e319dac, 0x3dd67fe5, 0x3f3d0afa, 0x3dc30fa3,
    0x3d953d52, 0x3e54c625, 0x3e161cda, 0x3e17cfcf, 0x3e3291ea, 0x3f1a1786, 0x3dde63b2, 0x3e2607f1,
    0x3d16c824, 0x3eb04a79, 0x3ea3da7b, 0x3ecaf74f, 0x3e0b5c22, 0x3ebc5d04, 0x3de1aa44, 0x3e8814e0,
    0x3e022df5, 0x3e06a3a7, 0x3df3421a, 0x3f63f257, 0x3e04c8b9, 0x3e8b894f, 0x3da3f9bb, 0x40e695a0,
    0x3f93a249, 0x403e1341, 0x3f19da83, 0x3e813391, 0x3e5c5bac, 0x3e92e95e, 0x3e300df0, 0x3e2feb70,
    0x41d2c565, 0x3ee02c5e, 0x3a021b3e, 0x3e9f7dfe, 0x3eecc96f, 0x3f15da2f, 0x3e60ff58, 0x3d97f95e,
    0x40873cf3, 0x3e817c43, 0x3da3896d, 0x3ec508fc, 0x3da5692b, 0x3e13603a, 0x3e332ea9, 0x3ec4d945,
    0x3f1445e5, 0x3f72eb1e, 0x3ee850de, 0x3e48e12c, 0x3ec9fa84, 0x3e240d1b, 0x405278bb, 0x3ddc1f1e,
    0x3dd3b12d, 0x40232e42, 0x3f46a22a, 0x3ea431b6, 0x3ecf9e98, 0x3e8b231e, 0x3e7aecb3, 0x3e014f52,
    0x3f283e47, 0x3f1ad669, 0x3d87224b, 0x3eb20d68, 0x3cf00a88, 0x3db2f549, 0x3eb2ba3c, 0x3e50c0e6,
    0x3e1a4596, 0x3dc0d332, 0x3e87edd5, 0x41009097, 0x3f193ae5, 0x3d2fe46b, 0x3fbe12a4, 0x3e58399f,
    0x3eba62a1, 0x3e2fc824, 0x3f822586, 0x3e01184e, 0x3f46bc65, 0x3dd8d6fc, 0x3bea3e69, 0x3e002857,
    0x3f4dcfc6, 0x3dad88c7, 0x3df09d0e, 0x3ec418fe, 0x3fbfc6e9, 0x3ea2b957, 0x3df2a502, 0x3eed3045,
    0x3d2dfde7, 0x3dcc0643, 0x3dc748e2, 0x3ea01646, 0x3fd84ba3, 0x3d1f6078, 0x3d86aa78, 0x3fb79267,
    0x3da51b0e, 0x3e522026, 0x3dc4f564, 0x3eccf987, 0x3ea807f3, 0x3f751746, 0x3ddf25bc, 0x3e4b26de,
    0x4013c187, 0x3e395e92, 0x3eba9894, 0x3e976677, 0x3e293ee5, 0x403b3406, 0x3f3ba9c0, 0x3f4e66a8,
    0x3da50655, 0x3e33ef07, 0x3da043e6, 0x3f89d6af, 0x3ec3420b, 0x3e056d5c, 0x3ea1d1de, 0x3e870af8,
    0x3e24ba74, 0x3f8fa059, 0x3f1d9d0f, 0x410fe9f3, 0x3e14620a, 0x3f16ba0c, 0x3e8fdc62, 0x3ee4d622,
    0x3f8164f6, 0x3e8e34b0, 0x3e011ee2, 0x3ddc8203, 0x3e789086, 0x3dcfeb1e, 0x3f9ef579, 0x4074e78c,
    0x3f3c2857, 0x3e38d93b, 0x3e20e1f4, 0x3e080ddb, 0x4089f901, 0x3d4480dc, 0x3eafa7c1, 0x3de98c55,
    0x3dd2aa9d, 0x3ec885d7, 0x40439ec2, 0x3f65cd67, 0x3f923b39, 0x3f7c771b, 0x3e4e83e4, 0x3dec6c45,
    0x3fa4874b, 0x360aeb53, 0x3ffafdab, 0x411aef11, 0x3d414b16, 0x3e363f9d, 0x3e06fdca, 0x40a64a1c,
    0x3e8d9caf, 0x3f3fd747, 0x3dbbd96b, 0x3d9c0342, 0x3f563eb2, 0x3dd3f2ea, 0x3db98e02, 0x3def2643,
    0x405fad9d, 0x3dd695b1, 0x3e6d6d76, 0x3e1f57a8, 0x3e01d1b0, 0x3e6291ac, 0x3d482aec, 0x3f03c0a3,
    0x3e0b42f4, 0x3da77682, 0x3798f4a0, 0x3efd5cfa, 0x3d6b50b2, 0x40da8b29, 0x3dcac2bb, 0x3e0e50cd,
    0x3dc50204, 0x3ec98d71, 0x3e047868, 0x3498daa2, 0x3deee2d8, 0x3dbe44d2, 0x3d5252c8, 0x3d94aa8c,
    0x3da546c8, 0x3f32924f, 0x3db1bf9c, 0x3df45a21, 0x3ddf5024, 0x3de15841, 0x3e5c6874, 0x3d99c24f,
    0x3da63dfd, 0x3d92f0be, 0x3d9af1c0, 0x3de4f940, 0x3dbad3e5, 0x3e590524, 0x3d8613ed, 0x3dff5809,
    0x3da96e79, 0x3da4ad0d, 0x3db01fdd, 0x3db8642e, 0x3e099960, 0x3de72874, 0x3e07a9e7, 0x3d999e2d,
    0x3dbd4362, 0x3de8cec4, 0x3d95253e, 0x3daa57d3, 0x3dc25e07, 0x3d961c94, 0x3dde1b5e, 0x3dd5a902,
    0x3e67cf2f, 0x3e960cea, 0x3d95f488, 0x3dc79600, 0x3e21ecbc, 0x3db99c2e, 0x3d8f9d3c, 0x3e1b895a,
    0x3d827500, 0x3dd970e6, 0x3dc41f93, 0x3e805f3c, 0x3da11b7b, 0x3e22dbd8, 0x3da43b6b, 0x3e19822b,
    0x3e393a0a, 0x3e7b9283, 0x3dc022b8, 0x3db8a565, 0x3e74cd24, 0x3dcbec29, 0x3da9da81, 0x3db165bd,
    0x32e63330, 0x3dd62e2b, 0x3da9e5b8, 0x3da16def, 0x3dd1badd, 0x3dad160a, 0x3db724d6, 0x3d977d41,
    0x3dcac189, 0x3e6b6400, 0x3df02021, 0x3e919f27, 0x3df94779, 0x3e126d7d, 0x3e717008, 0x3d931aab,
    0x3dd57d94, 0x3dbc72bc, 0x3e52419b, 0x3de34467, 0x3df1cbe8, 0x3d9e0f4b, 0x3e954fe9, 0x3e5fef0f,
    0x3df49c49, 0x3db60b64, 0x3e8aba80, 0x3db8de3d, 0x3dc0d0da, 0x3e909dd4, 0x3e5f692a, 0x3e83e541,
    0x3e9dd775, 0x3e998bcc, 0x3e465e9d, 0x3db41fc8, 0x3e6bb9f0, 0x3dd3d56b, 0x3e46421c, 0x3d9a90d4,
    0x3e316059, 0x3e631ca5, 0x3e896dfc, 0x3e930424, 0x3dc36090, 0x3e58a53b, 0x3e9f2766, 0x3e931334,
    0x3e7570ee, 0x3e7012f4, 0x3ea9d293, 0x3e9dee0f, 0x3e87de6f, 0x3daac1b9, 0x3e4180bc, 0x3e89b989,
    0x3dd7f67f, 0x3e8d1423, 0x3de1b734, 0x3d9a2685, 0x3eaaa560, 0x3e8d767e, 0x3e85e85e, 0x3e882b0a,
    0x3e43e4d5, 0x3e9e68b7, 0x3e5dc156, 0x3e3ea594, 0x3ea1f950, 0x3e355095, 0x3dff52c7, 0x3e8bd1b0,
    0x3dceb3fb, 0x3e23e2e0, 0x3e937402, 0x3e7c9dd5, 0x3e6c396e, 0x3e0f464a, 0x3e1b9b99, 0x3e407287,
    0x3e3fb0ed, 0x3db2af9f, 0x3e39a2fe, 0x3d9fb8cb, 0x3e504de6, 0x3e9036fe, 0x3e816383, 0x3e90968d,
    0x3e7d7edc, 0x3db57022, 0x3e50575a, 0x3e487254, 0x3e840018, 0x3e21b0da, 0x3e162610, 0x3e5db82b,
    0x3dbc3eb0, 0x3e8aa6ce, 0x3e50faf8, 0x3e3f32f8, 0x3e38b741, 0x3e6ddc06, 0x3e2274f1, 0x3e5c15c8,
    0x3d8c2a8d, 0x3d99e7cb, 0x3e393a71, 0x3e90d76b, 0x3e89d6af, 0x3e14764d, 0x3e813059, 0x3e7db113,
    0x3e52566d, 0x3d928df3, 0x3e0ffa85, 0x3e0fed43, 0x3df48ced, 0x3dcafb67, 0x3e765745, 0x3df08e6c,
    0x3dcab2b4, 0x3e115e5f, 0x3e508882, 0x3dbe8039, 0x3e4a5d05, 0x3e90ed01, 0x3e14e010, 0x3e4719f7,
    0x3db496b5, 0x3e275b5c, 0x3e744361, 0x3e6ba366, 0x3dc9cd2a, 0x3e6aa38d, 0x3e0d00af, 0x3e2ab188,
    0x3dbad66f, 0x3dfddb3b, 0x3e482b40, 0x3dde2f2a, 0x3e760bc5, 0x3dc541c0, 0x3e12012d, 0x3de12902,
    0x3dce4916, 0x3e4dfaf1, 0x3dfb7524, 0x3e8fab80, 0x3e8397a9, 0x3e71fce6, 0x3e1eaa8f, 0x3e0d116f,
    0x3ea2251a, 0x3e0974a8, 0x3dcbb591, 0x3db2453d, 0x3e568793, 0x3d91093f, 0x3e76f7ce, 0x3df844dc,
    0x3fa4874b, 0x360aeb53, 0x3ffafdab, 0x411aef11, 0x3d414b16, 0x3e363f9d, 0x3e06fdca, 0x40a64a1c,
    0x3e8d9caf, 0x3f3fd747, 0x3dbbd96b, 0x3d9c0342, 0x3f563eb2, 0x3dd3f2ea, 0x3db98e02, 0x3def2643,
    0x405fad9d, 0x3dd695b1, 0x3e6d6d76, 0x3e1f57a8, 0x3e01d1b0, 0x3e6291ac, 0x3d482aec, 0x3f03c0a3,
    0x3e0b42f4, 0x3da77682, 0x3798f4a0, 0x3efd5cfa, 0x3d6b50b2, 0x40da8b29, 0x3dcac2bb, 0x3e0e50cd,
    0x3dc50204, 0x3ec98d71, 0x3e047868, 0x3498daa2, 0x3deee2d8, 0x3dbe44d2, 0x3d5252c8, 0x3d94aa8c,
    0x3da546c8, 0x3f32924f, 0x3db1bf9c, 0x3df45a21, 0x3ddf5024, 0x3de15841, 0x3e5c6874, 0x3d99c24f,
    0x3da63dfd, 0x3d92f0be, 0x3d9af1c0, 0x3de4f940, 0x3dbad3e5, 0x3e590524, 0x3d8613ed, 0x3dff5809,
    0x3da96e79, 0x3da4ad0d, 0x3db01fdd, 0x3db8642e, 0x3e099960, 0x3de72874, 0x3e07a9e7, 0x3d999e2d,
    0x3dbd4362, 0x3de8cec4, 0x3d95253e, 0x3daa57d3, 0x3dc25e07, 0x3d961c94, 0x3dde1b5e, 0x3dd5a902,
    0x3e67cf2f, 0x3e960cea, 0x3d95f488, 0x3dc79600, 0x3e21ecbc, 0x3db99c2e, 0x3d8f9d3c, 0x3e1b895a,
    0x3d827500, 0x3dd970e6, 0x3dc41f93, 0x3e805f3c, 0x3da11b7b, 0x3e22dbd8, 0x3da43b6b, 0x3e19822b,
    0x3e393a0a, 0x3e7b9283, 0x3dc022b8, 0x3db8a565, 0x3e74cd24, 0x3dcbec29, 0x3da9da81, 0x3db165bd,
    0x32e63330, 0x3dd62e2b, 0x3da9e5b8, 0x3da16def, 0x3dd1badd, 0x3dad160a, 0x3db724d6, 0x3d977d41,
    0x3dcac189, 0x3e6b6400, 0x3df02021, 0x3e919f27, 0x3df94779, 0x3e126d7d, 0x3e717008, 0x3d931aab,
    0x3dd57d94, 0x3dbc72bc, 0x3e52419b, 0x3de34467, 0x3df1cbe8, 0x3d9e0f4b, 0x3e954fe9, 0x3e5fef0f,
    0x3df49c49, 0x3db60b64, 0x3e8aba80, 0x3db8de3d, 0x3dc0d0da, 0x3e909dd4, 0x3e5f692a, 0x3e83e541,
    0x3e9dd775, 0x3e998bcc, 0x3e465e9d, 0x3db41fc8, 0x3e6bb9f0, 0x3dd3d56b, 0x3e46421c, 0x3d9a90d4,
    0x3e316059, 0x3e631ca5, 0x3e896dfc, 0x3e930424, 0x3dc36090, 0x3e58a53b, 0x3e9f2766, 0x3e931334,
    0x3e7570ee, 0x3e7012f4, 0x3ea9d293, 0x3e9dee0f, 0x3e87de6f, 0x3daac1b9, 0x3e4180bc, 0x3e89b989,
    0x3dd7f67f, 0x3e8d1423, 0x3de1b734, 0x3d9a2685, 0x3eaaa560, 0x3e8d767e, 0x3e85e85e, 0x3e882b0a,
    0x3e43e4d5, 0x3e9e68b7, 0x3e5dc156, 0x3e3ea594, 0x3ea1f950, 0x3e355095, 0x3dff52c7, 0x3e8bd1b0,
    0x3dceb3fb, 0x3e23e2e0, 0x3e937402, 0x3e7c9dd5, 0x3e6c396e, 0x3e0f464a, 0x3e1b9b99, 0x3e407287,
    0x3e3fb0ed, 0x3db2af9f, 0x3e39a2fe, 0x3d9fb8cb, 0x3e504de6, 0x3e9036fe, 0x3e816383, 0x3e90968d,
    0x3e7d7edc, 0x3db57022, 0x3e50575a, 0x3e487254, 0x3e840018, 0x3e21b0da, 0x3e162610, 0x3e5db82b,
    0x3dbc3eb0, 0x3e8aa6ce, 0x3e50faf8, 0x3e3f32f8, 0x3e38b741, 0x3e6ddc06, 0x3e2274f1, 0x3e5c15c8,
    0x3d8c2a8d, 0x3d99e7cb, 0x3e393a71, 0x3e90d76b, 0x3e89d6af, 0x3e14764d, 0x3e813059, 0x3e7db113,
    0x3e52566d, 0x3d928df3, 0x3e0ffa85, 0x3e0fed43, 0x3df48ced, 0x3dcafb67, 0x3e765745, 0x3df08e6c,
    0x3dcab2b4, 0x3e115e5f, 0x3e508882, 0x3dbe8039, 0x3e4a5d05, 0x3e90ed01, 0x3e14e010, 0x3e4719f7,
    0x3db496b5, 0x3e275b5c, 0x3e744361, 0x3e6ba366, 0x3dc9cd2a, 0x3e6aa38d, 0x3e0d00af, 0x3e2ab188,
    0x3dbad66f, 0x3dfddb3b, 0x3e482b40, 0x3dde2f2a, 0x3e760bc5, 0x3dc541c0, 0x3e12012d, 0x3de12902,
    0x3dce4916, 0x3e4dfaf1, 0x3dfb7524, 0x3e8fab80, 0x3e8397a9, 0x3e71fce6, 0x3e1eaa8f, 0x3e0d116f,
    0x3ea2251a, 0x3e0974a8, 0x3dcbb591, 0x3db2453d, 0x3e568793, 0x3d91093f, 0x3e76f7ce, 0x3df844dc,
    0x3fa4874b, 0x360aeb53, 0x3ffafdab, 0x411aef11, 0x3d414b16, 0x3e363f9d, 0x3e06fdca, 0x40a64a1c,
    0x3e8d9caf, 0x3f3fd747, 0x3dbbd96b, 0x3d9c0342, 0x3f563eb2, 0x3dd3f2ea, 0x3db98e02, 0x3def2643,
    0x405fad9d, 0x3dd695b1, 0x3e6d6d76, 0x3e1f57a8, 0x3e01d1b0, 0x3e6291ac, 0x3d482aec, 0x3f03c0a3,
    0x3e0b42f4, 0x3da77682, 0x3798f4a0, 0x3efd5cfa, 0x3d6b50b2, 0x40da8b29, 0x3dcac2bb, 0x3e0e50cd,
    0x3dc50204, 0x3ec98d71, 0x3e047868, 0x3498daa2, 0x3deee2d8, 0x3dbe44d2, 0x3d5252c8, 0x3d94aa8c,
    0x3da546c8, 0x3f32924f, 0x3db1bf9c, 0x3df45a21, 0x3ddf5024, 0x3de15841, 0x3e5c6874, 0x3d99c24f,
    0x3da63dfd, 0x3d92f0be, 0x3d9af1c0, 0x3de4f940, 0x3dbad3e5, 0x3e590524, 0x3d8613ed, 0x3dff5809,
    0x3da96e79, 0x3da4ad0d, 0x3db01fdd, 0x3db8642e, 0x3e099960, 0x3de72874, 0x3e07a9e7, 0x3d999e2d,
    0x3dbd4362, 0x3de8cec4, 0x3d95253e, 0x3daa57d3, 0x3dc25e07, 0x3d961c94, 0x3dde1b5e, 0x3dd5a902,
    0x3e67cf2f, 0x3e960cea, 0x3d95f488, 0x3dc79600, 0x3e21ecbc, 0x3db99c2e, 0x3d8f9d3c, 0x3e1b895a,
    0x3d827500, 0x3dd970e6, 0x3dc41f93, 0x3e805f3c, 0x3da11b7b, 0x3e22dbd8, 0x3da43b6b, 0x3e19822b,
    0x3e393a0a, 0x3e7b9283, 0x3dc022b8, 0x3db8a565, 0x3e74cd24, 0x3dcbec29, 0x3da9da81, 0x3db165bd,
    0x32e63330, 0x3dd62e2b, 0x3da9e5b8, 0x3da16def, 0x3dd1badd, 0x3dad160a, 0x3db724d6, 0x3d977d41,
    0x3dcac189, 0x3e6b6400, 0x3df02021, 0x3e919f27, 0x3df94779, 0x3e126d7d, 0x3e717008, 0x3d931aab,
    0x3dd57d94, 0x3dbc72bc, 0x3e52419b, 0x3de34467, 0x3df1cbe8, 0x3d9e0f4b, 0x3e954fe9, 0x3e5fef0f,
    0x3df49c49, 0x3db60b64, 0x3e8aba80, 0x3db8de3d, 0x3dc0d0da, 0x3e909dd4, 0x3e5f692a, 0x3e83e541,
    0x3e9dd775, 0x3e998bcc, 0x3e465e9d, 0x3db41fc8, 0x3e6bb9f0, 0x3dd3d56b, 0x3e46421c, 0x3d9a90d4,
    0x3e316059, 0x3e631ca5, 0x3e896dfc, 0x3e930424, 0x3dc36090, 0x3e58a53b, 0x3e9f2766, 0x3e931334,
    0x3e7570ee, 0x3e7012f4, 0x3ea9d293, 0x3e9dee0f, 0x3e87de6f, 0x3daac1b9, 0x3e4180bc, 0x3e89b989,
    0x3dd7f67f, 0x3e8d1423, 0x3de1b734, 0x3d9a2685, 0x3eaaa560, 0x3e8d767e, 0x3e85e85e, 0x3e882b0a,
    0x3e43e4d5, 0x3e9e68b7, 0x3e5dc156, 0x3e3ea594, 0x3ea1f950, 0x3e355095, 0x3dff52c7, 0x3e8bd1b0,
    0x3dceb3fb, 0x3e23e2e0, 0x3e937402, 0x3e7c9dd5, 0x3e6c396e, 0x3e0f464a, 0x3e1b9b99, 0x3e407287,
    0x3e3fb0ed, 0x3db2af9f, 0x3e39a2fe, 0x3d9fb8cb, 0x3e504de6, 0x3e9036fe, 0x3e816383, 0x3e90968d,
    0x3e7d7edc, 0x3db57022, 0x3e50575a, 0x3e487254, 0x3e840018, 0x3e21b0da, 0x3e162610, 0x3e5db82b,
    0x3dbc3eb0, 0x3e8aa6ce, 0x3e50faf8, 0x3e3f32f8, 0x3e38b741, 0x3e6ddc06, 0x3e2274f1, 0x3e5c15c8,
    0x3d8c2a8d, 0x3d99e7cb, 0x3e393a71, 0x3e90d76b, 0x3e89d6af, 0x3e14764d, 0x3e813059, 0x3e7db113,
    0x3e52566d, 0x3d928df3, 0x3e0ffa85, 0x3e0fed43, 0x3df48ced, 0x3dcafb67, 0x3e765745, 0x3df08e6c,
    0x3dcab2b4, 0x3e115e5f, 0x3e508882, 0x3dbe8039, 0x3e4a5d05, 0x3e90ed01, 0x3e14e010, 0x3e4719f7,
    0x3db496b5, 0x3e275b5c, 0x3e744361, 0x3e6ba366, 0x3dc9cd2a, 0x3e6aa38d, 0x3e0d00af, 0x3e2ab188,
    0x3dbad66f, 0x3dfddb3b, 0x3e482b40, 0x3dde2f2a, 0x3e760bc5, 0x3dc541c0, 0x3e12012d, 0x3de12902,
    0x3dce4916, 0x3e4dfaf1, 0x3dfb7524, 0x3e8fab80, 0x3e8397a9, 0x3e71fce6, 0x3e1eaa8f, 0x3e0d116f,
    0x3ea2251a, 0x3e0974a8, 0x3dcbb591, 0x3db2453d, 0x3e568793, 0x3d91093f, 0x3e76f7ce, 0x3df844dc,
    0x3e50f36d, 0x3e0e6c32, 0x3e321d86, 0x3e7745f6, 0x3e013e00, 0x3e9b19c9, 0x3e1366ae, 0x3d9e8ab5,
    0x3db443ca, 0x3e29ae19, 0x3e2a17a1, 0x3dc7db78, 0x3e5dd502, 0x3e46b69a, 0x3dcdf704, 0x3e1d5c72,
    0x3e339aa3, 0x3e01e52a, 0x3e2a7bdf, 0x3decb000, 0x3e28a6aa, 0x422a66ee, 0x3e13073a, 0x3db24791,
    0x3dcdd5a9, 0x3e266c3b, 0x3d9a3290, 0x3e0767c5, 0x3e4ab0c4, 0x3e2b92fb, 0x3daab5c2, 0x3e1a7a36,
    0x3e1514b0, 0x3de508b1, 0x3dc63370, 0x3dd3076f, 0x3e199f4a, 0x3dc85e04, 0x3e00ee42, 0x3dae3278,
    0x3dafed90, 0x3da1c212, 0x3dc4fdd6, 0x3ddbad92, 0x3ded1846, 0x3dec75df, 0x3df481e4, 0x3e0453cb,
    0x3daf8f7d, 0x3e17ea82, 0x3e0dbd76, 0x3df4192a, 0x3e144a92, 0x3dfba86c, 0x3db03813, 0x3ddf9d32,
    0x3e3def87, 0x3de9c061, 0x3dadfbb8, 0x3e1dfd27, 0x3de77024, 0x3de1b9cc, 0x3e01622b, 0x3dcc669a,
    0x3df6fe99, 0x3dac9ab2, 0x3e1a4395, 0x3db7da3f, 0x3e18f562, 0x3e0c1e26, 0x3dbe0cfa, 0x3e018278,
    0x3e078d4f, 0x3dab075d, 0x3e029835, 0x3db466e7, 0x3df45fe3, 0x3db11ea3, 0x3dcdad7b, 0x3e051dba,
    0x3de1609f, 0x3df353ba, 0x3dd6e3b1, 0x3de52ee0, 0x3dad3c57, 0x3df0865f, 0x3dabd6c1, 0x3dd8ecb4,
    0x3de686d9, 0x3dcc62d5, 0x3dc8398e, 0x3df11504, 0x3da8b360, 0x3dea94bb, 0x3e040b37, 0x3e02e1a4,
    0x3dfb6594, 0x3de69165, 0x3e117ea9, 0x3e07499f, 0x3ddd37b0, 0x3e155f46, 0x3ddb7d57, 0x3e08bb5e,
    0x3e0fe850, 0x3db1337d, 0x3dc718db, 0x3dd567e2, 0x3e2185cf, 0x3dd55853, 0x3e1409f0, 0x3dc766a4,
    0x3de85132, 0x3de2abea, 0x3da1f39c, 0x3e009ba6, 0x3e0539db, 0x3ddb23d7, 0x3db5128a, 0x3dcf5f01,
    0x3dc73528, 0x3ddb0337, 0x3e0d56fc, 0x3de2b2fe, 0x3e1cd065, 0x3dd97d8d, 0x3df724be, 0x3e09c2d2,
    0x3dd58445, 0x3dd3cf49, 0x3e0ea038, 0x3dd48874, 0x3dfad28f, 0x3da90e9c, 0x3e0727d4, 0x3dd0fbee,
    0x3df807d2, 0x3e2b1e9b, 0x3daad222, 0x3deb5d25, 0x3db9764b, 0x3de2b142, 0x3dd6ade1, 0x3e06efb9,
    0x3df7e19d, 0x3dbdea42, 0x3dc8db77, 0x3df3a6f0, 0x3dfe4595, 0x3d973ce8, 0x3dd5fe5b, 0x3e030b1b,
    0x3dbad785, 0x3df76011, 0x3dd46c93, 0x3e196290, 0x3dddd2ef, 0x3e182282, 0x3de11ac1, 0x3da25932,
    0x3da6def0, 0x3e262e59, 0x3dc663b4, 0x3dc19775, 0x3de55eb0, 0x3de1a584, 0x3dd1f5f1, 0x3e01f69c,
    0x3e052e72, 0x3d9c37f0, 0x3e01bf5d, 0x3da78c04, 0x3dcb3669, 0x3d9f667f, 0x3dd8ac4c, 0x3dcaa3fe,
    0x3e36d6f4, 0x3dbbe540, 0x3e09ba71, 0x3df62b25, 0x3d843f9b, 0x3dd3b947, 0x3df53c0b, 0x3da85d72,
    0x3dfb9f39, 0x3dd0be39, 0x3dd16cbf, 0x3dfe9398, 0x3de9acaa, 0x3e00798e, 0x3df8bf30, 0x3db4aa5d,
    0x3dcf4cac, 0x3df528df, 0x3dd326e0, 0x3d948095, 0x3e05f94b, 0x3de683da, 0x3dc4afb1, 0x3ddf99c8,
    0x3d93b269, 0x3da8632e, 0x3dd0326a, 0x3df558f5, 0x3de1df0b, 0x3df81829, 0x3dd70773, 0x3de22ff7,
    0x3df3fa65, 0x3e0cdc54, 0x3dfd1487, 0x3da925aa, 0x3da2a13d, 0x3dc49027, 0x3dd1c51d, 0x3df9c1b5,
    0x3db8e15f, 0x3e145fe9, 0x3daa7526, 0x3e02171f, 0x3de758ad, 0x3dd71f1f, 0x3d966990, 0x3de429b8,
    0x3dde5876, 0x3dec0a44, 0x3de5807b, 0x3dcd20d1, 0x3dbb8b2d, 0x3da4abe0, 0x3dee463e, 0x3dc9d8ae,
    0x3dd77e75, 0x3de9f593, 0x3e0f8f20, 0x3df5be43, 0x3dece56e, 0x3dc3a701, 0x3dff9421, 0x3e0f6081,
    0x3f85ce5c, 0x3dd3cb86, 0x3d9e7aba, 0x3d9af4be, 0x3ddb243e, 0x3dd4d5de, 0x3dd7027d, 0x3de03c05,
    0x3dd3b395, 0x3dd62aa4, 0x3ddd830e, 0x3e0d006e, 0x3dc6d0ef, 0x3de56db2, 0x3dc660c2, 0x3dff9ee5,
    0x3dd54240, 0x3db51c2a, 0x3e28266d, 0x3dcf2493, 0x3e0aacf5, 0x3de3059e, 0x3de9c3ad, 0x3df80728,
    0x3e2ef0dd, 0x3dbe2ae6, 0x3da096d2, 0x3dd734cf, 0x3de70c5a, 0x3dee5666, 0x3db3e0cd, 0x3dc30c01,
    0x3dfd65b2, 0x3d9c9d43, 0x3da252e9, 0x3dd7273f, 0x3ddc9191, 0x3dab968c, 0x3e03db5e, 0x3dae0078,
    0x3dbbd3d9, 0x3dba5c62, 0x3dff8ac1, 0x3dbe67e1, 0x3de2fc4f, 0x3de46aac, 0x3db1117e, 0x3dee2474,
    0x3dfad858, 0x3de012b2, 0x3dd912f9, 0x3dc2a3eb, 0x3df3f6bc, 0x3de8f6cc, 0x3dd843dd, 0x3da3c0e7,
    0x3dac3b57, 0x3dc3bea4, 0x3de13e71, 0x3d96aad1, 0x3ddeb6a8, 0x3dff2b36, 0x3e08bdfe, 0x3dc75484,
    0x3e0bcf11, 0x3e106c9c, 0x3dd994fc, 0x3de85923, 0x3dfa5162, 0x3df6b60e, 0x3ddc2ba5, 0x3df76f99,
    0x3dbed4ec, 0x3deb07e5, 0x3e2521a3, 0x3dd1ee3d, 0x3dd68893, 0x3de3afea, 0x3dcc0de1, 0x3da58ae3,
    0x3df9a6fe, 0x3de75a91, 0x3e020b8e, 0x3e069b24, 0x3db98c59, 0x3dd0ea56, 0x3dc27f5a, 0x3dbfe820,
    0x3ddd2813, 0x3dd4cbb2, 0x3e130f3a, 0x3de8d260, 0x3dc30749, 0x3dd02031, 0x329af4af, 0x3daa7f3b,
    0x3df3ce6d, 0x3de8d6e2, 0x3dc8a136, 0x3db5ec16, 0x3d920fc2, 0x3df6457d, 0x3deca214, 0x3df3415b,
    0x3e147db3, 0x3dde2f55, 0x3dd513ec, 0x3de18d39, 0x3dba9eed, 0x3de5e859, 0x3d963d2e, 0x3dc031bd,
    0x3d841e8c, 0x3de480a9, 0x3dd3980c, 0x3da36201, 0x3d9fe6a1, 0x3df3e84d, 0x3decb23d, 0x3e08af2d,
    0x3dae33d5, 0x3dfc10a3, 0x3da4bbf5, 0x3dc2b13c, 0x3df68b95, 0x3e033ed0, 0x3dcde496, 0x3dc57f9b,
    0x3dd9d971, 0x3d8fc815, 0x3dcc7013, 0x3dcbe617, 0x3dde0c1b, 0x3d8f962b, 0x3dce7f5b, 0x3db8ac9e,
    0x3dbeacea, 0x3dbc362c, 0x3ddde227, 0x3de37cca, 0x3dbc1293, 0x3dab483e, 0x3de128c6, 0x3dc4bed5,
    0x3db8da52, 0x3dbe8be7, 0x3da49278, 0x3da35482, 0x3dd54c18, 0x3d9b3483, 0x3de37c20, 0x3df68a86,
    0x3dda48ac, 0x3e053c1a, 0x3dd58c8d, 0x3d907737, 0x3e0ab7e3, 0x3de9b1eb, 0x3da78f83, 0x3dd52994,
    0x3decbae8, 0x3dd0cf9c, 0x3df9b20e, 0x3db3c1d3, 0x3dfcd787, 0x3dd5dc85, 0x3dbb433d, 0x3dce4a89,
    0x3df5dcc0, 0x3dc1611a, 0x3de90abd, 0x3d9bca91, 0x3dbbcc2a, 0x3d9dea60, 0x3e0d6819, 0x3dd4bbd7,
    0x3dbbcf6b, 0x3e094091, 0x3ddb8c69, 0x3dd663a2, 0x3dceaed5, 0x3da9c941, 0x3dcb1dd6, 0x3d9b471e,
    0x3dbdaa23, 0x3dd78fac, 0x3de19296, 0x3dc5d512, 0x3dd36519, 0x3dff212d, 0x3db710d4, 0x3dfa5dec,
    0x3dc7b441, 0x3db7d96e, 0x3da6f870, 0x3de0563e, 0x3dfba600, 0x3df77ef7, 0x3ddbf621, 0x3dbeb716,
    0x3e1413a8, 0x3dcfb15f, 0x3de02016, 0x3dba1718, 0x3dca3953, 0x3da17d9c, 0x3dc87225, 0x3de80d59,
    0x3e06df20, 0x3dd4f2da, 0x3da55963, 0x3e107420, 0x3dd267eb, 0x3d9e0834, 0x3dbcb939, 0x3dbe1b04,
    0x3dde1be6, 0x3dc4ac2d, 0x3dbfd43c, 0x3decc978, 0x3dc53b95, 0x3dca7a85, 0x3d8b3d6c, 0x3dddeec5,
    0x3dcbcc18, 0x3df273de, 0x3dfbc8aa, 0x3e0d03c0, 0x3d88ff96, 0x3ddf19b7, 0x3de74eb1, 0x3dd0a20d,
    0x3dd340ed, 0x3dbb48a6, 0x3de67b1c, 0x3dc1d22f, 0x3daed1fe, 0x3de0a01f, 0x3db83484, 0x3dc13a00,
    0x3e07c561, 0x3def6f0a, 0x3da9a252, 0x3db895a4, 0x3dd1ce6c, 0x3db6ddc8, 0x3d9c5c60, 0x3e07e469,
    0x3de2d0b7, 0x3da8d65a, 0x3e088468, 0x3dca80f8, 0x3dc6db64, 0x3db95b96, 0x3dceb999, 0x3db4181e,
    0x3dd13754, 0x3daec2d7, 0x3dafc843, 0x3db1d696, 0x3ddabc14, 0x3db14939, 0x3daea44f, 0x3de8cb4b,
    0x3db77373, 0x3e0b31e0, 0x3dada84d, 0x3db00cb9, 0x3dca9bc8, 0x3da30e2e, 0x3db1f25e, 0x3d96cef5,
    0x3fa4874b, 0x360aeb53, 0x3ffafdab, 0x411aef11, 0x3d414b16, 0x3e363f9d, 0x3e06fdca, 0x40a64a1c,
    0x3e8d9caf, 0x3f3fd747, 0x3dbbd96b, 0x3d9c0342, 0x3f563eb2, 0x3dd3f2ea, 0x3db98e02, 0x3def2643,
    0x405fad9d, 0x3dd695b1, 0x3e6d6d76, 0x3e1f57a8, 0x3e01d1b0, 0x3e6291ac, 0x3d482aec, 0x3f03c0a3,
    0x3e0b42f4, 0x3da77682, 0x3798f4a0, 0x3efd5cfa, 0x3d6b50b2, 0x40da8b29, 0x3dcac2bb, 0x3e0e50cd,
    0x3dc50204, 0x3ec98d71, 0x3e047868, 0x3498daa2, 0x3deee2d8, 0x3dbe44d2, 0x3d5252c8, 0x3d94aa8c,
    0x3da546c8, 0x3f32924f, 0x3db1bf9c, 0x3df45a21, 0x3ddf5024, 0x3de15841, 0x3e5c6874, 0x3d99c24f,
    0x3da63dfd, 0x3d92f0be, 0x3d9af1c0, 0x3de4f940, 0x3dbad3e5, 0x3e590524, 0x3d8613ed, 0x3dff5809,
    0x3da96e79, 0x3da4ad0d, 0x3db01fdd, 0x3db8642e, 0x3e099960, 0x3de72874, 0x3e07a9e7, 0x3d999e2d,
    0x3dbd4362, 0x3de8cec4, 0x3d95253e, 0x3daa57d3, 0x3dc25e07, 0x3d961c94, 0x3dde1b5e, 0x3dd5a902,
    0x3e67cf2f, 0x3e960cea, 0x3d95f488, 0x3dc79600, 0x3e21ecbc, 0x3db99c2e, 0x3d8f9d3c, 0x3e1b895a,
    0x3d827500, 0x3dd970e6, 0x3dc41f93, 0x3e805f3c, 0x3da11b7b, 0x3e22dbd8, 0x3da43b6b, 0x3e19822b,
    0x3e393a0a, 0x3e7b9283, 0x3dc022b8, 0x3db8a565, 0x3e74cd24, 0x3dcbec29, 0x3da9da81, 0x3db165bd,
    0x32e63330, 0x3dd62e2b, 0x3da9e5b8, 0x3da16def, 0x3dd1badd, 0x3dad160a, 0x3db724d6, 0x3d977d41,
    0x3dcac189, 0x3e6b6400, 0x3df02021, 0x3e919f27, 0x3df94779, 0x3e126d7d, 0x3e717008, 0x3d931aab,
    0x3dd57d94, 0x3dbc72bc, 0x3e52419b, 0x3de34467, 0x3df1cbe8, 0x3d9e0f4b, 0x3e954fe9, 0x3e5fef0f,
    0x3df49c49, 0x3db60b64, 0x3e8aba80, 0x3db8de3d, 0x3dc0d0da, 0x3e909dd4, 0x3e5f692a, 0x3e83e541,
    0x3e9dd775, 0x3e998bcc, 0x3e465e9d, 0x3db41fc8, 0x3e6bb9f0, 0x3dd3d56b, 0x3e46421c, 0x3d9a90d4,
    0x3e316059, 0x3e631ca5, 0x3e896dfc, 0x3e930424, 0x3dc36090, 0x3e58a53b, 0x3e9f2766, 0x3e931334,
    0x3e7570ee, 0x3e7012f4, 0x3ea9d293, 0x3e9dee0f, 0x3e87de6f, 0x3daac1b9, 0x3e4180bc, 0x3e89b989,
    0x3dd7f67f, 0x3e8d1423, 0x3de1b734, 0x3d9a2685, 0x3eaaa560, 0x3e8d767e, 0x3e85e85e, 0x3e882b0a,
    0x3e43e4d5, 0x3e9e68b7, 0x3e5dc156, 0x3e3ea594, 0x3ea1f950, 0x3e355095, 0x3dff52c7, 0x3e8bd1b0,
    0x3dceb3fb, 0x3e23e2e0, 0x3e937402, 0x3e7c9dd5, 0x3e6c396e, 0x3e0f464a, 0x3e1b9b99, 0x3e407287,
    0x3e3fb0ed, 0x3db2af9f, 0x3e39a2fe, 0x3d9fb8cb, 0x3e504de6, 0x3e9036fe, 0x3e816383, 0x3e90968d,
    0x3e7d7edc, 0x3db57022, 0x3e50575a, 0x3e487254, 0x3e840018, 0x3e21b0da, 0x3e162610, 0x3e5db82b,
    0x3dbc3eb0, 0x3e8aa6ce, 0x3e50faf8, 0x3e3f32f8, 0x3e38b741, 0x3e6ddc06, 0x3e2274f1, 0x3e5c15c8,
    0x3d8c2a8d, 0x3d99e7cb, 0x3e393a71, 0x3e90d76b, 0x3e89d6af, 0x3e14764d, 0x3e813059, 0x3e7db113,
    0x3e52566d, 0x3d928df3, 0x3e0ffa85, 0x3e0fed43, 0x3df48ced, 0x3dcafb67, 0x3e765745, 0x3df08e6c,
    0x3dcab2b4, 0x3e115e5f, 0x3e508882, 0x3dbe8039, 0x3e4a5d05, 0x3e90ed01, 0x3e14e010, 0x3e4719f7,
    0x3db496b5, 0x3e275b5c, 0x3e744361, 0x3e6ba366, 0x3dc9cd2a, 0x3e6aa38d, 0x3e0d00af, 0x3e2ab188,
    0x3dbad66f, 0x3dfddb3b, 0x3e482b40, 0x3dde2f2a, 0x3e760bc5, 0x3dc541c0, 0x3e12012d, 0x3de12902,
    0x3dce4916, 0x3e4dfaf1, 0x3dfb7524, 0x3e8fab80, 0x3e8397a9, 0x3e71fce6, 0x3e1eaa8f, 0x3e0d116f,
    0x3ea2251a, 0x3e0974a8, 0x3dcbb591, 0x3db2453d, 0x3e568793, 0x3d91093f, 0x3e76f7ce, 0x3df844dc,
];

pub(super) const LLAMA_CPP_Q4_K_IMATRIX_GOLDEN: [u8; 16 * 144] = [
    0x94, 0x05, 0x98, 0x12, 0xb6, 0xbf, 0xa3, 0xbe, 0xa6, 0x7f, 0x61, 0x72, 0x6e, 0xf2, 0xa0, 0xa8,
    0x77, 0xa6, 0x84, 0x8b, 0x7a, 0xa6, 0x46, 0x8b, 0xc4, 0x93, 0xa6, 0xee, 0x77, 0x54, 0x75, 0x67,
    0xb1, 0xe4, 0xb7, 0xb5, 0x6a, 0xa8, 0xd6, 0x58, 0xe5, 0x7e, 0x91, 0x96, 0xeb, 0xb8, 0x0f, 0xdb,
    0x59, 0xa9, 0x5f, 0x9b, 0xba, 0x69, 0xf7, 0x6c, 0x6f, 0x77, 0x90, 0x7d, 0x60, 0x07, 0x48, 0xa5,
    0xb6, 0x5d, 0x93, 0xa3, 0xdd, 0x73, 0x67, 0x78, 0x75, 0x89, 0x91, 0xaa, 0xba, 0x66, 0x7b, 0x9c,
    0x70, 0x57, 0x8a, 0x7a, 0x98, 0x45, 0x8b, 0x8c, 0x66, 0xa5, 0x8a, 0x27, 0x99, 0xdd, 0x3c, 0x99,
    0x4a, 0x9a, 0x48, 0x3b, 0xf4, 0x66, 0x55, 0x67, 0x89, 0x49, 0x6c, 0xdd, 0x09, 0x85, 0x61, 0xaf,
    0x5a, 0x6a, 0xc9, 0xa5, 0x9d, 0x78, 0x77, 0x03, 0x7d, 0x6b, 0x35, 0x4f, 0xa5, 0x72, 0xa3, 0xf1,
    0x3c, 0x9c, 0x68, 0x35, 0xa0, 0x99, 0x96, 0x77, 0xb8, 0x99, 0xa7, 0x6d, 0x0e, 0x5d, 0x70, 0xb5,
    0x15, 0x04, 0x9b, 0x10, 0xf0, 0xff, 0xf4, 0xf2, 0xe3, 0xac, 0xb2, 0xad, 0xff, 0xc7, 0xcc, 0x93,
    0xd3, 0x32, 0x88, 0x94, 0xbb, 0xb7, 0x79, 0x05, 0xb4, 0x8c, 0x19, 0x94, 0xe0, 0xd2, 0x68, 0x9a,
    0x47, 0xbf, 0x50, 0x96, 0x2b, 0xa1, 0x7a, 0x69, 0x85, 0x42, 0x80, 0x26, 0x38, 0x77, 0x66, 0x98,
    0x73, 0x80, 0x58, 0x45, 0xb3, 0xab, 0x44, 0x4c, 0x2b, 0x77, 0xb6, 0x8d, 0x64, 0xa9, 0xa7, 0xee,
    0xaa, 0xc6, 0x96, 0x5e, 0xa7, 0x5a, 0x7a, 0x04, 0x88, 0xd4, 0xa5, 0x9a, 0x9e, 0x74, 0xe6, 0x6c,
    0x9b, 0x46, 0x7f, 0xf9, 0x09, 0x6c, 0x67, 0x3f, 0x98, 0x59, 0x5e, 0x86, 0xb0, 0x1a, 0x99, 0xba,
    0x67, 0x8b, 0x29, 0x5b, 0x89, 0x6a, 0x46, 0x45, 0x65, 0x8a, 0x79, 0xd7, 0x09, 0x3b, 0x9a, 0xad,
    0xb7, 0x86, 0x38, 0x45, 0x75, 0x70, 0x8a, 0xa7, 0x65, 0xa8, 0x7e, 0x27, 0x47, 0xa7, 0xd7, 0x19,
    0x72, 0xb5, 0x60, 0x48, 0x0b, 0x58, 0x37, 0xf2, 0x95, 0x95, 0x89, 0x4c, 0x45, 0x26, 0xc9, 0x63,
    0x3a, 0x04, 0xbd, 0x0f, 0xf7, 0xad, 0xf2, 0xe9, 0xf6, 0xb0, 0xf7, 0xe2, 0xfe, 0xa7, 0xbe, 0x9f,
    0xe6, 0xcc, 0xa2, 0x43, 0x96, 0x1b, 0x5a, 0x07, 0x28, 0x96, 0x47, 0x92, 0xe3, 0xbc, 0xe6, 0x79,
    0x66, 0xf8, 0xd7, 0xe3, 0x90, 0x45, 0x63, 0xc4, 0xfa, 0x94, 0x7f, 0xe4, 0xd9, 0x72, 0x5a, 0xba,
    0xdb, 0xb0, 0x34, 0x94, 0xf9, 0x5f, 0x9d, 0x63, 0xa4, 0xca, 0xac, 0x56, 0x59, 0x38, 0xa8, 0x4b,
    0xb5, 0x3c, 0x8c, 0x0b, 0x3e, 0x49, 0x3f, 0x94, 0x77, 0x08, 0x6b, 0x85, 0x17, 0xbc, 0x66, 0x74,
    0x7b, 0x16, 0xaa, 0xb7, 0xc7, 0xf6, 0xa8, 0xc6, 0x13, 0xac, 0x35, 0x98, 0xb1, 0xef, 0xa9, 0x88,
    0xb0, 0x5a, 0xd8, 0x36, 0x06, 0x35, 0x73, 0x6b, 0x86, 0x89, 0x58, 0x99, 0x2a, 0x92, 0x96, 0xb3,
    0x76, 0x57, 0x60, 0xc8, 0x06, 0x93, 0x84, 0x85, 0x47, 0x56, 0xb7, 0x3b, 0xd7, 0x93, 0xf5, 0x65,
    0x77, 0x92, 0x97, 0xc5, 0x9e, 0x58, 0x98, 0x88, 0x78, 0x5a, 0x99, 0x35, 0x2b, 0x52, 0x69, 0x89,
    0x9d, 0x03, 0x2e, 0x0f, 0xbf, 0xf7, 0xad, 0xfe, 0xbf, 0xb2, 0xe8, 0xac, 0x7f, 0x23, 0xef, 0x96,
    0x1a, 0xcc, 0x48, 0x76, 0xab, 0xc7, 0x0d, 0xeb, 0x9c, 0xf0, 0x7a, 0xd9, 0x3a, 0x56, 0xc9, 0x8b,
    0x43, 0x86, 0x61, 0xdc, 0x1f, 0x49, 0x47, 0x9a, 0x2a, 0x87, 0x74, 0x48, 0x83, 0x6a, 0x6b, 0x87,
    0x67, 0x6d, 0x76, 0x62, 0x86, 0xd5, 0x99, 0x80, 0x23, 0x66, 0x44, 0x64, 0x65, 0x56, 0x6a, 0x9f,
    0x07, 0x55, 0x16, 0x6c, 0x5d, 0x50, 0x04, 0xb3, 0x6d, 0x7a, 0xf7, 0x63, 0x19, 0x9b, 0xa8, 0x8e,
    0x69, 0x4c, 0x14, 0xb5, 0x50, 0xad, 0x15, 0x69, 0x78, 0xa7, 0x60, 0x8e, 0x46, 0x73, 0x99, 0xaa,
    0x76, 0x84, 0x5a, 0xa8, 0x3a, 0x88, 0x08, 0x64, 0x59, 0xfe, 0x57, 0xb6, 0x29, 0x61, 0x31, 0x49,
    0x1a, 0x4b, 0xcb, 0xba, 0x7a, 0x40, 0x33, 0x5c, 0x2d, 0xf9, 0x69, 0xe8, 0x3b, 0x9f, 0x4c, 0xb8,
    0x85, 0x3b, 0xa9, 0x3d, 0x0c, 0x7c, 0xf7, 0x45, 0x97, 0x6f, 0x49, 0x6a, 0x6b, 0xac, 0x4c, 0x59,
    0xc5, 0x08, 0x8f, 0x15, 0xaa, 0xbf, 0xa8, 0xac, 0x65, 0x7f, 0x9f, 0x54, 0x6b, 0xa5, 0x18, 0x45,
    0x06, 0xc9, 0xdd, 0xa8, 0x69, 0x85, 0xa5, 0x96, 0xf6, 0xb3, 0x66, 0xdf, 0xe1, 0x9a, 0x46, 0x7f,
    0xab, 0x84, 0xa4, 0xb5, 0xd6, 0x81, 0xe7, 0xb6, 0xb3, 0xa1, 0xa6, 0xab, 0x95, 0x89, 0xc0, 0xc9,
    0x47, 0x8a, 0x66, 0x32, 0x3a, 0xa4, 0x2d, 0x66, 0x26, 0x2b, 0x54, 0x94, 0x27, 0xff, 0x69, 0x6d,
    0x69, 0x44, 0x14, 0x81, 0x24, 0x7b, 0x05, 0x88, 0x83, 0x04, 0x10, 0x6f, 0x4c, 0x57, 0x38, 0x58,
    0x55, 0x50, 0x86, 0x29, 0x74, 0xa0, 0x32, 0xc5, 0xb7, 0x80, 0x47, 0x40, 0xf3, 0x76, 0x76, 0x67,
    0x55, 0x46, 0xc3, 0xd3, 0x56, 0xc0, 0x83, 0x7e, 0x53, 0x75, 0xd5, 0x77, 0x51, 0xa2, 0x0a, 0x53,
    0x43, 0x5c, 0x56, 0x24, 0x07, 0x8c, 0xa9, 0x46, 0x85, 0x70, 0xc7, 0x4a, 0xe7, 0x38, 0xa2, 0xb8,
    0x19, 0x89, 0x26, 0x0e, 0x1c, 0x68, 0xae, 0xdb, 0x76, 0x7a, 0x73, 0xcb, 0x7f, 0x57, 0x8d, 0x6a,
    0x62, 0x06, 0x37, 0x14, 0xfa, 0x76, 0xf2, 0xef, 0xb6, 0x68, 0xa4, 0xe0, 0x7e, 0x2e, 0x23, 0xff,
    0x45, 0x5f, 0x0b, 0xe0, 0xd9, 0x7d, 0x74, 0x89, 0x27, 0xdd, 0x9d, 0x9c, 0xb7, 0x84, 0x9e, 0x7b,
    0xcd, 0x9c, 0x86, 0x8f, 0x76, 0x68, 0x95, 0x9a, 0x6f, 0x2a, 0xa9, 0xf5, 0x6a, 0x5b, 0xd5, 0x88,
    0xdb, 0xf6, 0x78, 0xdb, 0x67, 0xb0, 0x33, 0x58, 0x58, 0xab, 0x90, 0x57, 0x5e, 0x74, 0x57, 0x77,
    0x4a, 0x8a, 0x75, 0xc9, 0x6f, 0x23, 0x4c, 0xa9, 0x95, 0x03, 0xb5, 0x6a, 0x95, 0x7a, 0x0e, 0xd3,
    0x94, 0x36, 0x75, 0xc6, 0xc7, 0x27, 0x79, 0x92, 0x97, 0x1d, 0x16, 0x98, 0x5f, 0x37, 0xa6, 0x69,
    0x0a, 0x22, 0x68, 0xd7, 0x18, 0x04, 0xa3, 0xf5, 0x8a, 0x87, 0x68, 0x37, 0x96, 0x70, 0x8c, 0x08,
    0xc6, 0xb7, 0xc4, 0xd6, 0x66, 0xc6, 0xca, 0xff, 0xd3, 0xab, 0x82, 0xb7, 0xdb, 0xc8, 0x8f, 0x97,
    0x04, 0xdb, 0xe8, 0x9c, 0xb7, 0xa0, 0x96, 0xd3, 0xbb, 0x88, 0xd3, 0xb9, 0x6b, 0xa2, 0xf6, 0xfb,
    0x02, 0x05, 0x6c, 0x11, 0xf9, 0xf2, 0xff, 0xbb, 0xf7, 0xee, 0xbf, 0xa9, 0xfe, 0x1d, 0xe5, 0x1b,
    0xa7, 0x7e, 0xdb, 0x94, 0x29, 0x79, 0x7b, 0xcb, 0x91, 0x55, 0x46, 0x69, 0xc0, 0xb5, 0xc5, 0x29,
    0x73, 0xec, 0xba, 0x09, 0x4a, 0x96, 0x92, 0x9f, 0x33, 0xc5, 0xbb, 0x48, 0xab, 0x45, 0x77, 0xa8,
    0x6d, 0x97, 0x40, 0x35, 0x47, 0x56, 0x7a, 0x4c, 0x84, 0x67, 0xfa, 0x2a, 0x76, 0xd7, 0x9d, 0x93,
    0xae, 0x48, 0x4b, 0x0d, 0x5e, 0x36, 0x9b, 0x5f, 0x7d, 0x87, 0x38, 0x47, 0x46, 0x4e, 0x27, 0xa7,
    0x6c, 0x50, 0x09, 0x68, 0x67, 0xa9, 0xba, 0x68, 0x9d, 0x58, 0xd7, 0x35, 0xa5, 0x8a, 0x44, 0x9e,
    0xe2, 0x3f, 0x1b, 0x6c, 0x85, 0x1b, 0x73, 0x7f, 0x6e, 0x7d, 0xbb, 0x41, 0x9b, 0xbc, 0x3a, 0x8a,
    0x51, 0x2e, 0xbc, 0x7c, 0x2a, 0x65, 0xb0, 0x3f, 0x88, 0xc9, 0x4b, 0xbb, 0x78, 0xb6, 0x7c, 0x63,
    0xb9, 0xe7, 0xb7, 0x97, 0x71, 0xbb, 0x86, 0x81, 0x2c, 0xf5, 0x32, 0x97, 0x7a, 0xc6, 0x35, 0x05,
    0xa4, 0x06, 0x0e, 0x13, 0xbe, 0xf0, 0xb5, 0xee, 0xbf, 0xe9, 0x6a, 0xf5, 0xaf, 0x42, 0xde, 0x8f,
    0x75, 0x77, 0x74, 0x9a, 0x86, 0x29, 0xdb, 0x63, 0x38, 0xcc, 0x6d, 0x5c, 0x98, 0x78, 0xf4, 0x59,
    0x35, 0x60, 0xa6, 0x66, 0x7b, 0x0b, 0x66, 0x88, 0x79, 0xaa, 0xa9, 0xa8, 0x66, 0xae, 0x99, 0x67,
    0xca, 0xa6, 0xe4, 0xf2, 0xbf, 0xc2, 0x9a, 0x63, 0x98, 0x54, 0x94, 0x7a, 0x8a, 0xf6, 0xf8, 0xf5,
    0x86, 0xea, 0x02, 0x65, 0xe9, 0xff, 0x9a, 0xaa, 0x58, 0xb8, 0xb3, 0x9b, 0xa6, 0xd6, 0x79, 0x80,
    0xbe, 0x87, 0xca, 0xe8, 0x45, 0xaa, 0x7d, 0xc7, 0xb4, 0xc5, 0xf9, 0xb8, 0x59, 0x6f, 0xc6, 0x08,
    0x69, 0x62, 0xcc, 0x5a, 0x88, 0xa0, 0xad, 0x39, 0x68, 0xbd, 0x99, 0xdb, 0xc8, 0xe5, 0xa9, 0xb7,
    0xa5, 0x48, 0x5e, 0xd3, 0x75, 0xb3, 0x07, 0x27, 0x86, 0xc7, 0x8b, 0x86, 0x29, 0xa5, 0x5c, 0xb9,
    0x73, 0x97, 0x7c, 0x84, 0x90, 0x63, 0xba, 0x51, 0xbf, 0xf2, 0x69, 0x8b, 0x34, 0x6c, 0x56, 0x76,
    0x2a, 0x08, 0xe6, 0x13, 0xf7, 0xfd, 0xbf, 0xe9, 0xa5, 0xfc, 0xb7, 0xb1, 0xe0, 0xf3, 0x8d, 0xd3,
    0x30, 0x84, 0x5e, 0x66, 0x83, 0xc2, 0x76, 0xa9, 0xa2, 0x71, 0x87, 0xc7, 0x14, 0x7b, 0x74, 0x96,
    0x63, 0x66, 0x84, 0xe6, 0xc5, 0x02, 0x54, 0x72, 0x43, 0x35, 0x20, 0x91, 0x65, 0xd6, 0x58, 0x53,
    0xc3, 0xb8, 0x56, 0x45, 0xe8, 0xd0, 0x4a, 0xe6, 0xd8, 0x49, 0x75, 0xa3, 0x87, 0x51, 0xef, 0xb9,
    0x8a, 0xc7, 0xf5, 0xd6, 0x85, 0xf7, 0xb7, 0x85, 0xb6, 0x59, 0xdb, 0x83, 0x64, 0x0a, 0x68, 0xc5,
    0x9d, 0x7b, 0xd5, 0xe9, 0xa6, 0xc5, 0x97, 0x9a, 0xf8, 0xc6, 0xb8, 0xe2, 0x89, 0xe4, 0x4a, 0xb7,
    0x66, 0x68, 0xc5, 0x80, 0x86, 0xc7, 0xb8, 0xad, 0xef, 0xa1, 0x5c, 0x05, 0x99, 0x99, 0x69, 0x24,
    0xf8, 0x68, 0xe0, 0x88, 0x77, 0x84, 0x77, 0x66, 0x46, 0xa9, 0x45, 0x77, 0x0a, 0x82, 0x56, 0x47,
    0xaa, 0x49, 0x4f, 0x78, 0x6d, 0x3a, 0xbb, 0xb8, 0x38, 0xa3, 0x3b, 0xf9, 0x78, 0x8b, 0x3a, 0xba,
    0xee, 0x08, 0xe4, 0x14, 0xf8, 0xb5, 0xf5, 0xfd, 0xe5, 0xf5, 0xf6, 0xe7, 0xc1, 0xfd, 0x06, 0xef,
    0xa6, 0xd6, 0xb3, 0xa7, 0x6c, 0x96, 0x55, 0xa3, 0xa2, 0x36, 0x46, 0x04, 0x77, 0x71, 0x8f, 0xb3,
    0x70, 0xe4, 0xb9, 0x64, 0xc7, 0x48, 0xf5, 0xb3, 0xb8, 0xc5, 0x9d, 0x79, 0xee, 0x84, 0x45, 0x48,
    0xb7, 0x52, 0x53, 0xec, 0x08, 0x5a, 0x3d, 0x5a, 0x31, 0x37, 0x69, 0x67, 0x66, 0x3e, 0x8a, 0x3b,
    0x67, 0x7b, 0x65, 0x2a, 0x80, 0x55, 0x21, 0x45, 0x54, 0x88, 0x48, 0x2a, 0x3f, 0x5e, 0x58, 0xcc,
    0xf9, 0x88, 0xa8, 0x9e, 0x98, 0xaa, 0xc2, 0xb8, 0x39, 0xba, 0xdd, 0xd9, 0xe8, 0x90, 0x8e, 0x7d,
    0x6c, 0x78, 0x6d, 0x3e, 0xd6, 0x67, 0xc4, 0x84, 0x6f, 0x98, 0xce, 0xeb, 0x03, 0x8c, 0x0c, 0x82,
    0x99, 0x79, 0x55, 0x68, 0xb8, 0x89, 0xc0, 0x19, 0xb9, 0x0e, 0x50, 0x95, 0x7e, 0xf6, 0x73, 0xd7,
    0xba, 0xa8, 0xc2, 0xd7, 0x29, 0xf3, 0xfa, 0x72, 0x75, 0xa4, 0x29, 0xa8, 0xac, 0xb0, 0x88, 0x53,
    0xc1, 0x0a, 0xfa, 0x15, 0x9c, 0xde, 0xe9, 0xe1, 0xa0, 0xe4, 0xe6, 0xe8, 0xa6, 0x89, 0x4f, 0xf5,
    0xaf, 0xf9, 0x97, 0xa9, 0x9a, 0x09, 0x75, 0x97, 0xab, 0xfb, 0xc4, 0x30, 0x64, 0xcb, 0xab, 0x87,
    0xc9, 0x44, 0xc7, 0x8e, 0xfb, 0x15, 0xdc, 0x27, 0x75, 0x88, 0xd8, 0x38, 0xc9, 0x55, 0x45, 0xfe,
    0x89, 0x60, 0xc1, 0x53, 0xd7, 0xb3, 0x79, 0x05, 0xcb, 0xfc, 0xa9, 0x49, 0x45, 0x99, 0xaa, 0xa6,
    0xd2, 0x59, 0xa4, 0x54, 0xe8, 0x65, 0x6f, 0x60, 0xf7, 0x49, 0xca, 0x49, 0x68, 0x2a, 0x59, 0x56,
    0x47, 0x62, 0x98, 0x43, 0x99, 0x64, 0x24, 0x8f, 0x8a, 0xb4, 0xcc, 0x8c, 0x67, 0xf2, 0x84, 0xa2,
    0xd8, 0x8d, 0x7b, 0x94, 0x6c, 0x57, 0x40, 0xab, 0x88, 0x3b, 0x09, 0x51, 0x6c, 0x77, 0x62, 0x3a,
    0x37, 0x8a, 0x75, 0x6b, 0x75, 0x99, 0x4f, 0x73, 0xf8, 0x3a, 0xa1, 0x57, 0xc6, 0x70, 0xb6, 0xb0,
    0x69, 0x06, 0xa8, 0x78, 0x7d, 0x89, 0xe1, 0xc9, 0x97, 0x98, 0x49, 0x55, 0xa7, 0xb8, 0x89, 0xc0,
    0x28, 0x0c, 0xfd, 0x18, 0xbc, 0x6c, 0xb1, 0xbf, 0x7f, 0x5b, 0x67, 0x71, 0xa0, 0x5f, 0xd1, 0xa3,
    0x39, 0xaa, 0xb8, 0x6b, 0x88, 0xa9, 0x2b, 0x3b, 0x79, 0x4d, 0x39, 0xec, 0xaa, 0x8a, 0x7d, 0x8d,
    0x89, 0xbe, 0x4d, 0x6e, 0x4b, 0xef, 0x47, 0xaa, 0xab, 0x62, 0x0a, 0x78, 0x10, 0x3a, 0x65, 0x7c,
    0x88, 0x57, 0x65, 0xd8, 0xde, 0xfc, 0xab, 0x77, 0x59, 0x85, 0xc2, 0x3a, 0x69, 0x6b, 0x50, 0xb8,
    0x98, 0x97, 0x7e, 0x77, 0x68, 0x8e, 0x86, 0x88, 0x8c, 0x78, 0x8a, 0x07, 0x8a, 0x74, 0x78, 0x76,
    0x60, 0x86, 0xc6, 0x07, 0x74, 0xa8, 0x5b, 0xe5, 0x8b, 0x07, 0x2b, 0x77, 0x9c, 0x97, 0x46, 0x67,
    0xff, 0x8b, 0x48, 0x88, 0x3a, 0xba, 0x91, 0x56, 0x6e, 0x84, 0xa6, 0x14, 0x68, 0xab, 0x43, 0xaa,
    0xd2, 0x95, 0x88, 0x6a, 0x3a, 0x8a, 0xa6, 0x85, 0x1a, 0xb0, 0x7c, 0xf1, 0x67, 0x06, 0x5d, 0xcc,
    0x55, 0x9f, 0x36, 0xae, 0x19, 0x8c, 0x1d, 0x4c, 0x4c, 0x56, 0x69, 0x59, 0x09, 0xe4, 0x49, 0x07,
    0xf8, 0x0a, 0x7e, 0x16, 0x78, 0xad, 0xae, 0xbe, 0x7f, 0xb3, 0xa6, 0xad, 0x4e, 0x64, 0xb8, 0xe8,
    0x96, 0xa9, 0x9b, 0x8f, 0xa0, 0xcc, 0x77, 0xb8, 0xae, 0xb9, 0x62, 0x92, 0x95, 0x68, 0xbe, 0xe9,
    0x99, 0x06, 0x77, 0xba, 0xfb, 0x56, 0xcf, 0xf9, 0x28, 0xdc, 0x88, 0xa2, 0xdf, 0xc6, 0xa8, 0xd6,
    0x53, 0x56, 0x72, 0x8a, 0x7f, 0x0d, 0xb8, 0x19, 0x72, 0x56, 0x99, 0x7e, 0x67, 0x46, 0x3a, 0x79,
    0x3a, 0xb4, 0x6a, 0x59, 0x60, 0x55, 0x78, 0x48, 0x85, 0x5b, 0x99, 0x48, 0xe5, 0x6d, 0x77, 0x21,
    0x31, 0xa2, 0x91, 0x73, 0xc6, 0xec, 0xb3, 0xb8, 0xea, 0xdb, 0xc1, 0x86, 0x22, 0xb9, 0x76, 0x3b,
    0x76, 0x83, 0x29, 0xe6, 0x94, 0xcf, 0xa4, 0x3e, 0x50, 0x03, 0xbc, 0x4d, 0xa4, 0xa5, 0xf0, 0x81,
    0x50, 0xa6, 0x96, 0x9a, 0xb5, 0xac, 0xd5, 0x84, 0x98, 0x6a, 0x6d, 0xf1, 0xe9, 0x6b, 0x54, 0x16,
    0x6d, 0x8e, 0x4f, 0x75, 0x5b, 0x05, 0xbd, 0xbf, 0x31, 0xf1, 0xbb, 0x65, 0xda, 0x7c, 0x84, 0xb8,
    0x84, 0x09, 0x2a, 0x15, 0xed, 0xef, 0xef, 0xff, 0xfa, 0xaa, 0xf9, 0xf3, 0xf8, 0xa4, 0xe9, 0x6e,
    0xab, 0xac, 0xd8, 0xab, 0x18, 0x27, 0x9e, 0x2e, 0x87, 0xda, 0x02, 0x54, 0x48, 0x67, 0x3d, 0xba,
    0x5d, 0x7a, 0x77, 0x19, 0x81, 0x5b, 0xa9, 0x8f, 0x40, 0xac, 0x5c, 0xf9, 0x9d, 0x1e, 0x8b, 0x79,
    0x28, 0x5d, 0x68, 0x19, 0x97, 0x75, 0x9a, 0x55, 0x2c, 0x99, 0x51, 0x39, 0x2e, 0x94, 0x68, 0x58,
    0x8c, 0x59, 0x36, 0x4e, 0x4c, 0x3a, 0x54, 0x87, 0xf6, 0x0b, 0x30, 0x43, 0xaf, 0xaf, 0x58, 0x78,
    0x79, 0x39, 0x39, 0x30, 0x88, 0xa2, 0x9a, 0x3d, 0x49, 0xc3, 0x48, 0x2c, 0x7e, 0xaa, 0x74, 0x64,
    0x5d, 0x49, 0xe4, 0x79, 0xa6, 0x67, 0x17, 0x9f, 0x8a, 0x07, 0xa9, 0x35, 0x5b, 0x6a, 0xcc, 0x3c,
    0xab, 0x3d, 0x7e, 0x5a, 0x8d, 0xdb, 0x07, 0xb5, 0x67, 0x46, 0x3a, 0x08, 0x5e, 0x47, 0x39, 0x4b,
    0x13, 0xc7, 0x79, 0x48, 0x58, 0x69, 0x3a, 0xaf, 0x60, 0x95, 0x76, 0x99, 0x91, 0x96, 0x7d, 0xfa,
    0x14, 0x0c, 0xae, 0x18, 0xdc, 0xb3, 0xb1, 0xa9, 0xd4, 0x6c, 0x60, 0x63, 0xff, 0xff, 0xd9, 0xd7,
    0x93, 0xce, 0x9b, 0x8c, 0x8b, 0xce, 0xb6, 0x9c, 0x50, 0xba, 0x7a, 0xf6, 0x73, 0x92, 0x73, 0x63,
    0x54, 0x79, 0xd5, 0x80, 0x9d, 0xa6, 0x8c, 0x07, 0x6a, 0x87, 0x65, 0xff, 0xab, 0x8d, 0x61, 0xf3,
    0x75, 0x85, 0xe7, 0x77, 0xc5, 0x46, 0x29, 0x50, 0x07, 0xb4, 0x81, 0x59, 0xe7, 0x95, 0x66, 0x48,
    0x44, 0x43, 0x66, 0x7f, 0x6b, 0x16, 0x64, 0x74, 0x87, 0x10, 0x68, 0x95, 0xc8, 0x44, 0xbb, 0xc0,
    0x6f, 0x3d, 0x28, 0x67, 0x0c, 0x3c, 0x7b, 0xba, 0x57, 0x69, 0xbd, 0x75, 0x4d, 0x68, 0x7b, 0x79,
    0x16, 0xe7, 0x6d, 0x36, 0x79, 0x5b, 0x39, 0x15, 0x3a, 0x4a, 0x77, 0x07, 0x06, 0x50, 0x45, 0x79,
    0x42, 0x76, 0x63, 0x00, 0xa5, 0x90, 0x6e, 0x8c, 0x77, 0xd2, 0x7a, 0x44, 0xf7, 0x8c, 0x9f, 0xc5,
    0x85, 0x02, 0x83, 0x60, 0x99, 0x8a, 0xb6, 0x4a, 0x41, 0xb9, 0xa7, 0x9c, 0x57, 0xc8, 0xa5, 0x34,
    0x92, 0x0b, 0xe0, 0x16, 0xfc, 0xf5, 0xf1, 0xf2, 0xf2, 0xff, 0x9d, 0xbb, 0xbe, 0x9f, 0x23, 0xec,
    0x93, 0xa6, 0x64, 0x8c, 0xb5, 0x84, 0x94, 0xbb, 0xd6, 0x03, 0x89, 0x86, 0xff, 0x71, 0x95, 0x49,
    0xae, 0xd6, 0xea, 0x8a, 0x75, 0x5b, 0xb4, 0xab, 0xa5, 0x87, 0x96, 0xd9, 0x56, 0xc0, 0xca, 0x7b,
    0x93, 0x86, 0x92, 0xb4, 0xa3, 0x96, 0x33, 0x82, 0xb5, 0xc3, 0xe3, 0xb3, 0x82, 0xd0, 0x83, 0x85,
    0xc2, 0x84, 0x62, 0x85, 0x39, 0xc7, 0xb2, 0xea, 0x6a, 0x34, 0x44, 0x75, 0x6e, 0x39, 0x95, 0x07,
    0xf8, 0x56, 0x7c, 0xd2, 0x20, 0x79, 0x75, 0xb8, 0x79, 0x89, 0x5a, 0x67, 0x46, 0x44, 0x87, 0x75,
    0x04, 0x9f, 0x68, 0x5c, 0x10, 0x34, 0xd7, 0xa2, 0xb9, 0x77, 0x49, 0x59, 0x0f, 0x6c, 0xcd, 0x47,
    0x44, 0x37, 0x55, 0x14, 0xa4, 0x57, 0x56, 0x49, 0x52, 0x34, 0x53, 0x75, 0x2e, 0x58, 0x76, 0x9c,
    0x22, 0x17, 0x05, 0xd2, 0xf9, 0x85, 0x50, 0x65, 0x87, 0x57, 0x97, 0x56, 0x89, 0x79, 0x57, 0x25,
];

pub(super) const LLAMA_CPP_Q5_K_IMATRIX_GOLDEN: [u8; 16 * 176] = [
    0xdd, 0x02, 0xb7, 0x12, 0xb2, 0xbb, 0x63, 0xbf, 0xa2, 0xbf, 0x63, 0x74, 0x5e, 0x01, 0x9e, 0xc8,
    0x44, 0x4e, 0xf6, 0x9f, 0xff, 0x46, 0x38, 0x37, 0x46, 0x62, 0x3a, 0x47, 0xb0, 0x34, 0x96, 0xb8,
    0x5a, 0xf6, 0x5a, 0x1a, 0xad, 0xc2, 0x82, 0x05, 0xf2, 0xdd, 0x9a, 0x7e, 0x5f, 0x62, 0x05, 0xbf,
    0xee, 0x5b, 0x07, 0x16, 0x03, 0x5b, 0x9c, 0x16, 0x97, 0x26, 0x6c, 0xec, 0xee, 0xb7, 0x09, 0xcd,
    0x71, 0xd6, 0x7d, 0x79, 0xd5, 0x6f, 0xbc, 0xb0, 0xda, 0xfc, 0x40, 0x2c, 0xd5, 0x8f, 0x0e, 0xc6,
    0xb2, 0x44, 0xbf, 0x26, 0x55, 0xc3, 0xee, 0xc9, 0xdf, 0xff, 0x22, 0xeb, 0xc0, 0x00, 0x91, 0x3b,
    0x5d, 0xbc, 0x38, 0x38, 0xaa, 0xe7, 0xdf, 0xe1, 0xec, 0x03, 0x23, 0x55, 0x54, 0xcd, 0xf6, 0x19,
    0xf0, 0xbe, 0x14, 0xf3, 0x30, 0x9a, 0x06, 0x17, 0xdb, 0x59, 0x14, 0x5e, 0x21, 0xa8, 0x87, 0x32,
    0xa4, 0x33, 0x80, 0x85, 0xf7, 0xcb, 0xba, 0xde, 0x12, 0x91, 0xd6, 0xb9, 0x02, 0x19, 0xc2, 0x6e,
    0xb5, 0xc5, 0x83, 0x49, 0x2b, 0xf0, 0xee, 0x05, 0xfb, 0xc6, 0x7a, 0x9f, 0x5a, 0xf4, 0x57, 0xe2,
    0x68, 0x2a, 0xc1, 0x69, 0x40, 0x32, 0x3b, 0xfe, 0x61, 0x33, 0x5e, 0xda, 0x1c, 0xbb, 0xf0, 0x6a,
    0x03, 0x02, 0x85, 0x10, 0xef, 0xfb, 0xf1, 0xee, 0xe4, 0xac, 0xb5, 0xad, 0xff, 0xa7, 0xe7, 0x91,
    0xb2, 0x88, 0x57, 0x32, 0x1b, 0x1e, 0xc1, 0xd4, 0x36, 0xd7, 0x59, 0x4e, 0x62, 0xde, 0xbd, 0x7f,
    0x0c, 0xbb, 0x18, 0x56, 0x7d, 0x56, 0x45, 0x81, 0x8e, 0xb8, 0xda, 0x6c, 0x1d, 0x10, 0xf8, 0x37,
    0xc6, 0x64, 0x11, 0x48, 0x86, 0x8e, 0xe2, 0x0a, 0x79, 0x1a, 0x22, 0x38, 0xe1, 0xc3, 0xd1, 0x35,
    0x8f, 0x7f, 0xb0, 0x2d, 0x47, 0x62, 0xf5, 0xc2, 0x1a, 0x85, 0x20, 0x5d, 0x61, 0xff, 0xed, 0x40,
    0xe8, 0x20, 0xa2, 0x8c, 0x88, 0x59, 0x99, 0x9a, 0x38, 0xf0, 0x7d, 0x2d, 0xd9, 0x64, 0x70, 0xef,
    0x56, 0xae, 0x4e, 0xae, 0x70, 0xb6, 0xf6, 0x09, 0x13, 0xd9, 0x6c, 0x36, 0x3e, 0xf9, 0xfe, 0xdb,
    0x16, 0x8c, 0xee, 0xf2, 0x01, 0xb7, 0xbd, 0x4f, 0x10, 0x92, 0xad, 0xfb, 0x50, 0x13, 0x12, 0x44,
    0xbe, 0x06, 0x31, 0x95, 0x02, 0xc4, 0x8b, 0x8a, 0xaa, 0x04, 0xe2, 0x9e, 0x02, 0x45, 0x25, 0x4a,
    0x7f, 0x1d, 0x51, 0x8c, 0xec, 0xe0, 0x07, 0x51, 0xbc, 0x52, 0xef, 0x40, 0x80, 0x40, 0xaf, 0x25,
    0xe4, 0x7c, 0xc0, 0x82, 0x09, 0xa2, 0x60, 0xf4, 0x4c, 0x4b, 0x14, 0x8a, 0x9b, 0x4e, 0x95, 0xd7,
    0x0f, 0x02, 0x63, 0x0f, 0xf5, 0xae, 0xf2, 0xea, 0xf8, 0xf3, 0xfb, 0xe7, 0xff, 0x08, 0xca, 0xdf,
    0x3e, 0x0b, 0x32, 0xe8, 0x2e, 0xa5, 0xbd, 0xa1, 0x49, 0x3e, 0x8c, 0x62, 0xa6, 0xb7, 0xbe, 0x35,
    0x28, 0x97, 0xae, 0x86, 0xc6, 0x44, 0xe4, 0xda, 0x67, 0x76, 0xd5, 0x3a, 0x57, 0x2c, 0x61, 0xe3,
    0xcd, 0x89, 0x43, 0x87, 0x3c, 0x27, 0xb6, 0x00, 0x51, 0x3d, 0x8f, 0x24, 0xc6, 0x7a, 0xdc, 0xe2,
    0xcc, 0xf1, 0xae, 0xc6, 0x20, 0x9b, 0xc6, 0x89, 0xf5, 0x38, 0xef, 0xd8, 0xb3, 0xf5, 0xb5, 0x75,
    0xa8, 0x80, 0x79, 0x39, 0xf3, 0xcf, 0x3c, 0xd6, 0x48, 0x94, 0x69, 0xbd, 0xb2, 0x81, 0x51, 0x96,
    0x7b, 0x89, 0x09, 0x08, 0x6d, 0xa3, 0x8f, 0x29, 0xf0, 0x11, 0xd8, 0x2b, 0x30, 0x79, 0xdd, 0xf8,
    0x06, 0x4b, 0x63, 0x8e, 0xad, 0xfb, 0x50, 0x9b, 0x35, 0x57, 0x89, 0x4f, 0x71, 0xee, 0x61, 0x10,
    0x70, 0xc3, 0xbf, 0x8c, 0x0a, 0x79, 0x06, 0xe5, 0x1c, 0x10, 0xc0, 0x32, 0x53, 0x33, 0x4c, 0x85,
    0xfc, 0xbe, 0xd0, 0xa2, 0x0e, 0x36, 0x28, 0x1a, 0x80, 0xbd, 0x7f, 0x77, 0xaf, 0x36, 0xfa, 0xcb,
    0xff, 0x34, 0x2f, 0x9b, 0x3e, 0xb1, 0x31, 0x21, 0xf1, 0xa7, 0x33, 0x7b, 0x48, 0xa3, 0xd4, 0x14,
    0xbe, 0x01, 0x3d, 0x0f, 0xbf, 0xf7, 0xee, 0xfe, 0xbd, 0xb0, 0xe9, 0xac, 0x6c, 0x25, 0xf0, 0xb8,
    0x51, 0x57, 0xc1, 0xe0, 0x4b, 0x3a, 0x0d, 0x5b, 0x53, 0xe2, 0x41, 0xf3, 0x41, 0xc0, 0x77, 0xff,
    0x80, 0x62, 0xd0, 0x77, 0x55, 0x71, 0x90, 0x0b, 0x95, 0x74, 0x48, 0x61, 0x56, 0xcd, 0x4d, 0x5e,
    0x14, 0x88, 0x80, 0xfc, 0x56, 0x8e, 0x0b, 0xc7, 0x18, 0xf0, 0xd5, 0xa3, 0x64, 0x9c, 0x92, 0x16,
    0x76, 0x0d, 0xb2, 0xb9, 0x2f, 0x83, 0x8d, 0x24, 0x45, 0xff, 0xf7, 0x70, 0x16, 0xb5, 0xc7, 0x0e,
    0xcf, 0xdb, 0xfe, 0xc5, 0x2c, 0xba, 0x23, 0x01, 0x47, 0xcc, 0x89, 0xd9, 0xdb, 0xbd, 0xd5, 0x2f,
    0x0e, 0xba, 0x2e, 0xd9, 0xab, 0xb0, 0x09, 0x76, 0xcb, 0xe5, 0xfe, 0xd6, 0x22, 0x38, 0x50, 0x0d,
    0xd3, 0x8a, 0x28, 0x6c, 0xb0, 0x3d, 0x2b, 0xc4, 0xe1, 0x5e, 0xd0, 0x0e, 0x9c, 0xd6, 0x23, 0x45,
    0xfd, 0x1a, 0x96, 0x42, 0x67, 0x00, 0x02, 0xc9, 0xa4, 0xef, 0xaf, 0x6e, 0x43, 0xc3, 0x51, 0x73,
    0x34, 0x97, 0x96, 0x74, 0xe5, 0x90, 0x67, 0xc8, 0x4b, 0xf3, 0xc4, 0xc0, 0x77, 0x3e, 0x98, 0x61,
    0x1b, 0x68, 0x52, 0x7b, 0x08, 0xf9, 0xff, 0x9b, 0x3f, 0xdf, 0xa3, 0xd5, 0xd7, 0x48, 0x99, 0xb2,
    0xd0, 0x04, 0x71, 0x15, 0xab, 0xbf, 0xa8, 0xab, 0x65, 0x7f, 0xa1, 0x56, 0x78, 0xa3, 0x27, 0x42,
    0x00, 0x4f, 0x23, 0x12, 0x05, 0xe8, 0xc6, 0x22, 0xa2, 0x26, 0x80, 0x4b, 0xa2, 0x4f, 0x84, 0xd5,
    0x47, 0xc0, 0x22, 0x6a, 0x42, 0x66, 0xe2, 0xde, 0x0a, 0x42, 0x22, 0xd7, 0xc6, 0x23, 0xd6, 0x47,
    0x0b, 0x80, 0xa8, 0x3f, 0xb1, 0xfa, 0x49, 0x1b, 0xfc, 0x65, 0xbb, 0x9e, 0xb2, 0x22, 0x8c, 0xed,
    0x35, 0xf7, 0x47, 0x59, 0x9b, 0x01, 0xcd, 0x5c, 0x66, 0x31, 0x4c, 0x45, 0x19, 0x00, 0x70, 0x72,
    0x8e, 0x03, 0xdc, 0x75, 0x75, 0x68, 0x5a, 0xdd, 0x5d, 0x46, 0xc9, 0x39, 0x4f, 0xfe, 0xe2, 0xdb,
    0xc2, 0x89, 0x28, 0x03, 0x58, 0xf6, 0x1a, 0x10, 0x07, 0x08, 0x30, 0xdd, 0x98, 0xbf, 0x70, 0xa0,
    0x9b, 0xb0, 0x1d, 0x44, 0xe8, 0x51, 0x74, 0xaa, 0x6f, 0x10, 0x8e, 0x81, 0xf7, 0xed, 0xed, 0xc0,
    0xbb, 0x7c, 0x97, 0xb7, 0xad, 0xa0, 0x16, 0xee, 0x97, 0xeb, 0xba, 0xf0, 0xa3, 0x54, 0x05, 0xa7,
    0x85, 0xb8, 0xbd, 0x58, 0x0f, 0x18, 0x53, 0x8c, 0x09, 0xf0, 0xae, 0x95, 0xef, 0x71, 0x44, 0x81,
    0x23, 0x12, 0x3c, 0x0c, 0x29, 0xc0, 0x6c, 0xc6, 0xfd, 0xe4, 0xf6, 0x97, 0x0f, 0xaf, 0x2b, 0xc4,
    0x1e, 0x03, 0x44, 0x14, 0xfb, 0x76, 0xf3, 0xee, 0xb5, 0x68, 0xa4, 0xdf, 0x8e, 0x3f, 0x35, 0xff,
    0xac, 0x89, 0x85, 0xae, 0x23, 0x89, 0xd0, 0xe7, 0xa4, 0xdf, 0x8b, 0xb3, 0xd6, 0xc2, 0xe3, 0x91,
    0x17, 0xcf, 0xd2, 0xef, 0x94, 0x81, 0xa6, 0xaf, 0xf9, 0xe1, 0x9b, 0xc6, 0x69, 0x85, 0xb6, 0xdb,
    0x8a, 0xbe, 0x06, 0xd0, 0xb2, 0xfa, 0xe7, 0x12, 0x5f, 0xca, 0x3b, 0x39, 0x7e, 0x08, 0x3c, 0xf6,
    0xaa, 0x39, 0x1c, 0x0f, 0xfb, 0xc0, 0x2b, 0x33, 0xce, 0x53, 0x42, 0xfa, 0xc4, 0xa6, 0xaa, 0x10,
    0xa6, 0xfb, 0xf0, 0xb6, 0xde, 0x71, 0x56, 0x90, 0xa1, 0x47, 0x30, 0x9e, 0xad, 0xe8, 0xbe, 0xee,
    0x84, 0x15, 0xea, 0x93, 0xce, 0x46, 0x88, 0x51, 0x2b, 0x06, 0x7a, 0xc3, 0x3b, 0xf5, 0x0c, 0xb6,
    0x39, 0x6e, 0xeb, 0x8c, 0x8f, 0x5f, 0xf4, 0x25, 0x2f, 0x3c, 0x4d, 0x31, 0xbf, 0x7e, 0x5d, 0xc4,
    0x05, 0x45, 0xd1, 0xbf, 0x21, 0x19, 0x56, 0xfb, 0x05, 0x0f, 0xd0, 0x6f, 0x2d, 0xe0, 0x08, 0x10,
    0x9d, 0x6e, 0x98, 0xac, 0xcd, 0x9c, 0x94, 0xfe, 0xc7, 0x56, 0x05, 0x6e, 0xb6, 0x90, 0x1e, 0x3f,
    0x08, 0xa7, 0xc0, 0x27, 0x7e, 0x40, 0x3d, 0xb7, 0x77, 0x10, 0xb6, 0x73, 0xc7, 0x45, 0xfd, 0xe6,
    0x95, 0x02, 0x94, 0x11, 0xf6, 0xec, 0xfc, 0xb8, 0xf6, 0xab, 0xbf, 0xa9, 0xff, 0xd6, 0xd2, 0x08,
    0x16, 0x49, 0xd3, 0x52, 0x41, 0x31, 0xb5, 0x57, 0xfa, 0xc0, 0x6c, 0xc5, 0x62, 0xba, 0x4e, 0x39,
    0xec, 0x97, 0x97, 0x95, 0x25, 0xd2, 0x8e, 0x97, 0x54, 0x9a, 0x37, 0x85, 0x73, 0xb4, 0x10, 0x3b,
    0x5f, 0xfc, 0xc7, 0x38, 0x43, 0xf2, 0xf6, 0x96, 0x32, 0xaa, 0x8d, 0xc3, 0xa0, 0x7b, 0xab, 0x32,
    0xf7, 0xe9, 0x75, 0x02, 0x95, 0x4d, 0x34, 0x4f, 0x66, 0xba, 0x77, 0x81, 0x66, 0x8a, 0xef, 0x61,
    0xcb, 0x2f, 0x90, 0x7b, 0x8f, 0xad, 0xf4, 0x99, 0x09, 0xcf, 0xf5, 0x55, 0xed, 0xbe, 0x2b, 0x36,
    0x5d, 0x80, 0x98, 0x0b, 0xbe, 0x7d, 0x26, 0xbf, 0xea, 0x0f, 0x61, 0x80, 0x8d, 0x8c, 0x5e, 0x5f,
    0xd7, 0x90, 0x01, 0xc0, 0xde, 0x53, 0x63, 0xc0, 0x29, 0x9f, 0xce, 0x59, 0x5a, 0x04, 0x79, 0x3b,
    0xe5, 0x6e, 0x16, 0xc7, 0x1a, 0x16, 0xf7, 0xfd, 0xdc, 0xf9, 0x76, 0x82, 0x25, 0x78, 0x64, 0x13,
    0xa2, 0x4d, 0x89, 0xe8, 0x56, 0xda, 0x80, 0x6f, 0x01, 0x94, 0x97, 0x86, 0xe0, 0x8c, 0xe9, 0xc7,
    0x73, 0xde, 0x6e, 0x2f, 0xf3, 0x77, 0x1c, 0x03, 0x49, 0xfb, 0x64, 0x3f, 0xe5, 0x9c, 0x7b, 0x0a,
    0x2b, 0x03, 0x19, 0x13, 0xfb, 0xf2, 0xb7, 0xf1, 0xbf, 0xe9, 0x6b, 0xf6, 0x90, 0x52, 0xcf, 0x7f,
    0xbc, 0x68, 0x78, 0xbb, 0x0e, 0xb9, 0x1f, 0x20, 0xad, 0xa3, 0xf9, 0xb5, 0x5f, 0x99, 0x6e, 0xd9,
    0x18, 0x8c, 0x72, 0x90, 0xbd, 0x2d, 0xfc, 0x1f, 0xc5, 0xbf, 0x7b, 0xff, 0x38, 0x6b, 0x37, 0x29,
    0xec, 0xef, 0xe8, 0x26, 0x1e, 0x44, 0xa9, 0xb7, 0x61, 0x8a, 0xcd, 0xab, 0x12, 0xd1, 0xf9, 0xa3,
    0x7b, 0xd0, 0x4e, 0xcd, 0xe9, 0x09, 0xde, 0x02, 0xe3, 0x47, 0x45, 0x41, 0xbd, 0x4f, 0x24, 0xc0,
    0x95, 0x4c, 0xc8, 0xe4, 0x6f, 0x85, 0x34, 0xd7, 0x20, 0xa9, 0x38, 0xf5, 0x04, 0xed, 0xe0, 0xea,
    0x0d, 0xc4, 0x05, 0xdb, 0xc2, 0xef, 0x25, 0x44, 0xb0, 0x61, 0x67, 0x37, 0x5d, 0xac, 0xe3, 0x00,
    0x8c, 0x1e, 0x94, 0xd1, 0x99, 0x54, 0xfa, 0xaf, 0x88, 0xaa, 0xf1, 0x70, 0xa3, 0xdf, 0xad, 0x01,
    0xd2, 0xd3, 0xb9, 0xc5, 0x10, 0x50, 0x5b, 0x73, 0xef, 0x8a, 0x43, 0xc6, 0x90, 0xea, 0x51, 0x8f,
    0x4a, 0x71, 0xac, 0xb6, 0xe9, 0x75, 0x0f, 0x5f, 0x0c, 0x9f, 0x17, 0x1c, 0x32, 0x5a, 0xa8, 0x72,
    0xf6, 0x2e, 0xe8, 0x18, 0x30, 0xd6, 0x64, 0xa1, 0x6e, 0xf4, 0xd3, 0x16, 0x67, 0xd8, 0xbb, 0xec,
    0x3e, 0x04, 0x97, 0x13, 0xf5, 0xb5, 0xbe, 0xe7, 0xeb, 0xfe, 0xb9, 0xb5, 0x00, 0xfe, 0xbc, 0xe2,
    0xf8, 0x5e, 0xa1, 0xf0, 0x2e, 0x2a, 0x26, 0x3b, 0x3e, 0xe4, 0x32, 0x2a, 0x78, 0xa3, 0x1e, 0x2e,
    0xcc, 0x48, 0x6a, 0x6a, 0x6a, 0x68, 0xf8, 0xfa, 0x78, 0xa4, 0x5c, 0xca, 0x70, 0x76, 0x51, 0xc8,
    0x61, 0x1a, 0xbe, 0xee, 0x17, 0xa6, 0x0d, 0x64, 0x65, 0xf3, 0x2f, 0xcf, 0x39, 0x08, 0x09, 0x4d,
    0xd7, 0xde, 0x28, 0xfe, 0xbb, 0x06, 0xc9, 0x05, 0xa8, 0x7b, 0x52, 0x43, 0xdb, 0xed, 0xb1, 0xc8,
    0x96, 0x70, 0xbc, 0xaa, 0xe0, 0xb0, 0x94, 0xdc, 0xc0, 0x81, 0xfb, 0x57, 0x1d, 0xc3, 0xee, 0x71,
    0x15, 0x9d, 0xfa, 0xbc, 0x2b, 0xfd, 0x7e, 0x1a, 0x6c, 0xb2, 0xc6, 0x16, 0xc7, 0x04, 0xdf, 0xa9,
    0x29, 0xf5, 0xb9, 0xf1, 0x5b, 0xa9, 0x3d, 0x33, 0xf0, 0xac, 0x70, 0xe4, 0x01, 0xd8, 0x73, 0x6e,
    0xdc, 0xcf, 0x9a, 0x00, 0x1b, 0x9d, 0x71, 0x5a, 0xee, 0x53, 0xa8, 0x09, 0x22, 0x32, 0xd1, 0x38,
    0xe0, 0xc0, 0xc0, 0x10, 0xde, 0xf9, 0xef, 0xbc, 0x7d, 0x33, 0x8b, 0xef, 0x04, 0x04, 0xad, 0x8e,
    0x45, 0x72, 0x8f, 0xd0, 0xcb, 0x55, 0x66, 0x60, 0x50, 0x37, 0x57, 0xd2, 0xf0, 0xf7, 0x65, 0x65,
    0x1f, 0x05, 0x4f, 0x15, 0xf5, 0xb4, 0xae, 0xf4, 0xe6, 0xf2, 0xaf, 0xe1, 0xf6, 0xab, 0xbf, 0xef,
    0xfa, 0x72, 0x32, 0x7f, 0xf5, 0xf6, 0xa4, 0x76, 0xd2, 0x70, 0x34, 0xb0, 0x70, 0xa4, 0x3d, 0x96,
    0xd0, 0xde, 0x93, 0x94, 0x6b, 0x81, 0xe2, 0x22, 0x13, 0xbe, 0x77, 0xf5, 0xc7, 0xb6, 0xd4, 0x2d,
    0x5d, 0x9e, 0x58, 0x40, 0xca, 0x2d, 0xac, 0x47, 0x34, 0x7d, 0x8e, 0x09, 0xef, 0xe3, 0xff, 0x67,
    0xe0, 0xc8, 0x63, 0xc9, 0x70, 0x92, 0xeb, 0x68, 0x61, 0x8b, 0x3b, 0xe4, 0xbd, 0x09, 0x8b, 0x92,
    0x7e, 0xa4, 0xb6, 0xfa, 0x01, 0xb5, 0x6c, 0xa5, 0x61, 0x6f, 0xd4, 0xce, 0xcd, 0x7e, 0x25, 0x66,
    0xcf, 0x08, 0xea, 0x36, 0x20, 0x9a, 0x42, 0x8b, 0xb8, 0x10, 0x91, 0x55, 0x5f, 0xbf, 0xb0, 0xba,
    0xf2, 0x00, 0x41, 0x3b, 0x21, 0x43, 0x97, 0x70, 0x62, 0x64, 0x9a, 0xa2, 0xc1, 0x20, 0x0c, 0xf9,
    0xc7, 0xd1, 0xb9, 0x7a, 0xad, 0xde, 0x8a, 0x1a, 0xbe, 0x21, 0x7b, 0xb5, 0x07, 0x18, 0x17, 0x15,
    0x34, 0xe3, 0xbb, 0xd2, 0x71, 0x13, 0x91, 0x34, 0x75, 0x0f, 0xb0, 0x3c, 0xee, 0xed, 0xf7, 0xaf,
    0x66, 0x42, 0x84, 0xaf, 0x54, 0xf6, 0xd5, 0xf4, 0xea, 0x49, 0x53, 0x42, 0x5a, 0x70, 0x01, 0xa6,
    0x99, 0x06, 0xff, 0x15, 0x9c, 0xdf, 0xe9, 0xe0, 0x9f, 0xe2, 0xe7, 0xe8, 0xb7, 0xba, 0x6f, 0xf4,
    0x0f, 0xc3, 0x3a, 0x43, 0x3b, 0xc9, 0x44, 0x32, 0xff, 0x6f, 0xbe, 0x74, 0x80, 0x2f, 0xaf, 0xa8,
    0x7b, 0x34, 0xda, 0x61, 0x5f, 0xc0, 0x87, 0xf0, 0xb8, 0xd7, 0x5f, 0x05, 0x97, 0xc4, 0xc4, 0x93,
    0x2e, 0xc1, 0x1e, 0x43, 0x14, 0x01, 0xc9, 0x1d, 0x36, 0xd6, 0x79, 0x50, 0xb7, 0x87, 0x36, 0xff,
    0x72, 0x89, 0x6e, 0xfc, 0xf6, 0x19, 0x98, 0x4e, 0xd9, 0x00, 0x90, 0x60, 0x72, 0x9a, 0x7b, 0xdc,
    0x13, 0xd0, 0xa2, 0xb6, 0xbe, 0x87, 0xe2, 0x1b, 0xa6, 0xf9, 0x42, 0x92, 0x9b, 0x33, 0x54, 0x4c,
    0xb5, 0xa3, 0x58, 0xa9, 0xd0, 0xda, 0xdf, 0xe1, 0xff, 0x93, 0xa5, 0x83, 0xd0, 0x44, 0xb2, 0xac,
    0x9e, 0xd5, 0x41, 0xa6, 0x33, 0xd8, 0x59, 0x1e, 0x05, 0x68, 0x99, 0x19, 0xdf, 0xf5, 0x18, 0x45,
    0xa1, 0x1a, 0xf6, 0x28, 0xd9, 0xbe, 0x80, 0x47, 0x10, 0x77, 0x02, 0xa2, 0xd8, 0xff, 0xd5, 0x74,
    0x7f, 0x05, 0xfa, 0xd7, 0xeb, 0x22, 0x8f, 0xf6, 0xf0, 0x56, 0x42, 0xb0, 0x9d, 0xe0, 0x8c, 0x71,
    0xc2, 0x0d, 0x50, 0xf1, 0xeb, 0x14, 0xd3, 0x92, 0x4e, 0x21, 0x93, 0xaa, 0x5e, 0x80, 0x04, 0x90,
    0x19, 0x08, 0x71, 0x19, 0x7f, 0xaa, 0xad, 0xbf, 0x7f, 0x5a, 0x63, 0x6b, 0x8e, 0x40, 0xb1, 0x83,
    0x85, 0xa7, 0xe3, 0x4d, 0x4f, 0x7f, 0x9d, 0x21, 0x75, 0x91, 0x59, 0x87, 0x37, 0x27, 0x41, 0xcf,
    0x3f, 0xfb, 0x15, 0xf1, 0x55, 0xff, 0x60, 0x4f, 0x5f, 0x24, 0x6d, 0x45, 0x5c, 0xb1, 0x44, 0x33,
    0x84, 0x65, 0x82, 0xd7, 0x21, 0x73, 0x46, 0x77, 0xf2, 0x9b, 0x84, 0xe8, 0x74, 0x15, 0xfb, 0x1c,
    0x13, 0x8d, 0x8a, 0xdd, 0xa7, 0xef, 0x9f, 0x64, 0x58, 0xd6, 0x05, 0xf2, 0x20, 0x75, 0xdb, 0x09,
    0xf1, 0x90, 0xcc, 0xa2, 0xae, 0xeb, 0x39, 0xde, 0x94, 0xfa, 0x74, 0x55, 0xc4, 0xc7, 0x90, 0x61,
    0x22, 0x1f, 0xee, 0xef, 0xc0, 0x0e, 0xfd, 0x02, 0x0a, 0xe1, 0x05, 0x00, 0x06, 0xe9, 0xe2, 0xed,
    0xc0, 0x0d, 0x8e, 0x1f, 0xf8, 0x41, 0xa8, 0xbb, 0x18, 0x00, 0x48, 0xff, 0x29, 0x2e, 0x8e, 0xdf,
    0xef, 0x08, 0x81, 0x01, 0x65, 0x76, 0x11, 0xbd, 0xce, 0x09, 0x4d, 0x39, 0xd2, 0x49, 0x87, 0x45,
    0xa5, 0x2b, 0x01, 0xc5, 0x64, 0xf4, 0x4c, 0xfb, 0x35, 0x60, 0xf8, 0xf2, 0xce, 0x0c, 0xaa, 0x99,
    0xab, 0x2f, 0x6c, 0x4d, 0x22, 0x09, 0x2a, 0x99, 0x88, 0xac, 0xc3, 0xa3, 0x03, 0xc9, 0x92, 0x0f,
    0x9e, 0x06, 0xa1, 0x16, 0xba, 0xb2, 0xaf, 0xbf, 0x7f, 0xb5, 0xa3, 0xae, 0x62, 0x74, 0xc9, 0xea,
    0x02, 0xa3, 0xa3, 0xcf, 0xa6, 0xf7, 0xac, 0xb7, 0xf3, 0x73, 0x6c, 0xa6, 0xc2, 0x71, 0x07, 0x17,
    0x47, 0xe8, 0x54, 0x27, 0x63, 0x30, 0xef, 0xd3, 0x09, 0x87, 0xff, 0x16, 0xeb, 0x66, 0xa3, 0xe2,
    0x2d, 0x42, 0x27, 0x0f, 0x30, 0x88, 0xff, 0x60, 0x3c, 0x52, 0xc5, 0x25, 0x2b, 0xc0, 0x6d, 0xc3,
    0x22, 0x0c, 0xee, 0x55, 0xd6, 0xad, 0x8f, 0xe2, 0x51, 0x99, 0x10, 0x45, 0xae, 0x7d, 0x40, 0x9d,
    0xc5, 0xbc, 0xf3, 0x13, 0xff, 0x0b, 0x80, 0x32, 0xe3, 0xcc, 0x32, 0xfc, 0xee, 0x9c, 0x64, 0xf1,
    0x74, 0x78, 0xd4, 0xb2, 0xd0, 0xaa, 0x00, 0x9f, 0x29, 0xc6, 0x32, 0x90, 0xea, 0xda, 0xfd, 0x51,
    0x83, 0x54, 0x44, 0xf7, 0xac, 0xf8, 0x86, 0x80, 0xe3, 0xc5, 0xa3, 0x2c, 0x66, 0x83, 0xfc, 0x75,
    0xfc, 0x27, 0x52, 0xed, 0x49, 0xae, 0x69, 0x7b, 0xb2, 0x07, 0x78, 0xaa, 0x69, 0x6a, 0xf0, 0x13,
    0xb0, 0x5d, 0x2c, 0x35, 0x6c, 0x49, 0xac, 0x19, 0x22, 0xc4, 0xcb, 0xe3, 0xc3, 0xc7, 0xb9, 0x2d,
    0xdc, 0x1d, 0x8f, 0xfa, 0xa6, 0x0b, 0x7b, 0x7f, 0x62, 0xe3, 0x78, 0xdc, 0xa5, 0xfa, 0x1a, 0x60,
    0x71, 0x05, 0x69, 0x15, 0xec, 0xef, 0xf1, 0xff, 0xf8, 0xa8, 0xf7, 0xef, 0xf7, 0x91, 0x98, 0x3e,
    0xf7, 0x57, 0x57, 0x47, 0x79, 0xe0, 0x3f, 0x91, 0x16, 0x2f, 0x50, 0x54, 0x75, 0x38, 0x45, 0x47,
    0x15, 0x95, 0x60, 0x15, 0x26, 0x45, 0x43, 0xfb, 0x38, 0x87, 0x31, 0xc3, 0x9f, 0x9d, 0x77, 0xd5,
    0x47, 0x48, 0xa2, 0x46, 0x21, 0x5f, 0x2d, 0x4d, 0x1f, 0xa5, 0x04, 0xa8, 0x70, 0xde, 0x6a, 0x65,
    0xab, 0xf5, 0xfe, 0x22, 0x03, 0xa7, 0x43, 0x0f, 0x80, 0x5a, 0xa9, 0xf2, 0x2b, 0x2e, 0x16, 0xe4,
    0x30, 0x99, 0xc0, 0x22, 0x2d, 0xd9, 0x23, 0xbb, 0x47, 0x21, 0x93, 0x62, 0x4c, 0x27, 0xc0, 0x90,
    0xf7, 0xa2, 0x6b, 0x7b, 0x87, 0x63, 0x98, 0x0d, 0xfc, 0x05, 0x50, 0x86, 0x3e, 0x3e, 0xb0, 0xe0,
    0x02, 0x73, 0x74, 0x70, 0x22, 0x65, 0x45, 0x7c, 0xa4, 0xa6, 0x91, 0x4a, 0x0d, 0x65, 0xfa, 0xda,
    0xbb, 0x84, 0xf9, 0xf3, 0x5d, 0xef, 0x3f, 0x3f, 0x16, 0x0f, 0x53, 0x7b, 0xb7, 0xd5, 0xa9, 0x79,
    0x46, 0x69, 0xed, 0xa4, 0xfa, 0xb6, 0x0d, 0x6a, 0xde, 0x9c, 0x53, 0x00, 0xac, 0x9e, 0x72, 0x87,
    0x26, 0x8e, 0xf3, 0x7f, 0x9f, 0xd2, 0x54, 0x4f, 0xc0, 0x2a, 0xec, 0x13, 0x21, 0x3c, 0xea, 0xf5,
    0x25, 0x08, 0xd3, 0x18, 0xdd, 0xb3, 0xb1, 0xa3, 0xd4, 0x6b, 0x61, 0x60, 0xff, 0xea, 0xd8, 0xe7,
    0x12, 0x1b, 0x1b, 0x03, 0x99, 0x93, 0x76, 0xf3, 0x00, 0x9b, 0x79, 0x26, 0x98, 0xda, 0xd0, 0xb4,
    0x80, 0x21, 0x92, 0x0e, 0xd7, 0xd2, 0x93, 0x40, 0x19, 0xd2, 0x84, 0xcb, 0x0f, 0xc1, 0x8c, 0x3a,
    0x25, 0x7a, 0x26, 0x07, 0xf5, 0x8b, 0x6c, 0x27, 0xa0, 0x53, 0xd4, 0xec, 0xe5, 0x14, 0xe5, 0xc6,
    0x98, 0xd2, 0xa9, 0x01, 0x29, 0x3c, 0x07, 0x0e, 0xd3, 0x1d, 0xca, 0xde, 0x45, 0xf9, 0xd2, 0xe6,
    0xea, 0x1b, 0xfe, 0xef, 0xaa, 0x8c, 0x32, 0xb0, 0x0e, 0x78, 0x23, 0xb2, 0xfe, 0x4c, 0xcc, 0x80,
    0x89, 0x97, 0xcc, 0x0f, 0xd6, 0x1d, 0xd9, 0xf9, 0x1f, 0x11, 0xd1, 0x4a, 0xb0, 0x89, 0x86, 0xb1,
    0xde, 0x7a, 0x41, 0xcf, 0x18, 0x68, 0x05, 0x74, 0xbe, 0xe3, 0x9b, 0x0a, 0x9a, 0xe0, 0xe7, 0x03,
    0x3d, 0xfe, 0xda, 0x6c, 0xf2, 0xb7, 0x83, 0x2b, 0x63, 0x94, 0xff, 0x0e, 0x1c, 0xb0, 0x9b, 0x03,
    0x95, 0xfc, 0xd6, 0x10, 0x4a, 0x21, 0xed, 0x09, 0xee, 0xb5, 0xe5, 0x89, 0xee, 0x08, 0x3f, 0x8b,
    0x1a, 0x04, 0x07, 0xd0, 0x23, 0x04, 0x6d, 0x94, 0x93, 0x72, 0x6e, 0x29, 0xaf, 0x80, 0x5a, 0x78,
    0x8e, 0x07, 0xf4, 0x16, 0xfd, 0xf3, 0xab, 0xee, 0xf1, 0xff, 0x9a, 0xbb, 0xbe, 0xaf, 0x0e, 0xc9,
    0x3a, 0x0a, 0x18, 0x2b, 0x8a, 0x1a, 0x02, 0x7b, 0x1a, 0x38, 0x1b, 0x0a, 0x4b, 0x48, 0x2a, 0xc9,
    0x0b, 0x7a, 0x13, 0x9b, 0xc4, 0x09, 0x2a, 0x2f, 0xf6, 0x02, 0xd2, 0x13, 0xd4, 0x56, 0x7b, 0x01,
    0x35, 0x5c, 0xc8, 0x28, 0x8a, 0x17, 0x47, 0x65, 0xbd, 0x05, 0x11, 0x1d, 0xfe, 0xf2, 0x4a, 0x91,
    0x6b, 0xab, 0xd3, 0x05, 0xfa, 0xa5, 0x77, 0x55, 0x4b, 0x1e, 0x3b, 0xc1, 0xac, 0x90, 0x94, 0xe6,
    0x35, 0x1c, 0x33, 0x78, 0x66, 0x4e, 0x75, 0x24, 0x8a, 0xa5, 0xf6, 0x86, 0x23, 0xd0, 0x26, 0x2b,
    0xa3, 0x28, 0xe3, 0x3a, 0x73, 0xbf, 0x84, 0xf6, 0xe6, 0x69, 0x99, 0xfa, 0xdf, 0x73, 0x4b, 0x0f,
    0xf1, 0xbc, 0xf7, 0xa5, 0x40, 0xe2, 0xea, 0x71, 0xf2, 0x02, 0xa5, 0xde, 0x8c, 0x99, 0x1e, 0xfb,
    0x18, 0x1f, 0xc0, 0xa8, 0x30, 0x68, 0xae, 0x45, 0x62, 0xfe, 0x93, 0xb3, 0x0e, 0xd8, 0x9a, 0x8e,
    0x99, 0x7f, 0xaa, 0x19, 0x58, 0xaf, 0xac, 0x83, 0x95, 0x78, 0xa6, 0xfc, 0x4f, 0xb1, 0xed, 0x3b,
    0x33, 0x10, 0x0b, 0xb4, 0xf3, 0xfb, 0xb0, 0xca, 0x00, 0xaf, 0x20, 0xad, 0x13, 0xe4, 0xb0, 0x4a,
];

pub(super) const LLAMA_CPP_Q6_K_IMATRIX_GOLDEN: [u8; 16 * 210] = [
    0xfd, 0x23, 0x5c, 0x6d, 0x33, 0x03, 0x82, 0xad, 0x4c, 0xae, 0x41, 0xe0, 0x1e, 0xbb, 0xe8, 0x30,
    0x46, 0x2c, 0xa0, 0xa6, 0x01, 0x8b, 0x82, 0xda, 0x25, 0x03, 0x08, 0x42, 0x3f, 0x4d, 0x70, 0xde,
    0x7f, 0x93, 0x65, 0x67, 0xc3, 0x84, 0xe1, 0x97, 0xbe, 0xeb, 0x54, 0xde, 0x8f, 0x05, 0x33, 0x8a,
    0xf4, 0xdf, 0x65, 0x45, 0x05, 0x33, 0x7c, 0x32, 0x4e, 0x08, 0x8f, 0x0d, 0xff, 0x96, 0x10, 0xbd,
    0x51, 0x6d, 0xa9, 0xd8, 0xa1, 0xe5, 0x3e, 0x50, 0xa8, 0x34, 0xca, 0x0e, 0xa3, 0x73, 0x20, 0xb5,
    0x06, 0x47, 0x3e, 0x34, 0x01, 0x49, 0x8b, 0xc2, 0x29, 0x6c, 0xd0, 0x4a, 0x8a, 0x7d, 0x1d, 0x40,
    0x38, 0x2f, 0xcd, 0x38, 0x72, 0xc9, 0xeb, 0x8e, 0xc3, 0x27, 0xbc, 0x81, 0x10, 0xc4, 0x16, 0x03,
    0xe2, 0xe2, 0xdf, 0xee, 0x26, 0x06, 0xf4, 0x67, 0x9f, 0x11, 0x58, 0x0f, 0x01, 0xbd, 0x56, 0x96,
    0x51, 0xaa, 0x76, 0xa4, 0xa5, 0x6a, 0xd2, 0x64, 0x7a, 0x56, 0x8a, 0x6c, 0x41, 0x12, 0x56, 0x92,
    0x1b, 0xba, 0x4a, 0x4a, 0x35, 0x89, 0x9a, 0x95, 0x9a, 0xa4, 0x47, 0x66, 0x28, 0x99, 0xa0, 0x68,
    0x94, 0x91, 0x16, 0x66, 0x4a, 0x51, 0x66, 0xf7, 0x45, 0x99, 0xa6, 0x81, 0x6a, 0x7f, 0x73, 0x3a,
    0x35, 0xb9, 0x61, 0x11, 0xcf, 0xe6, 0x96, 0x96, 0xe5, 0xe5, 0xd5, 0xb8, 0x31, 0x76, 0x87, 0xd8,
    0x55, 0x5b, 0xba, 0x80, 0xb7, 0xc5, 0x98, 0x4a, 0xb2, 0x4a, 0xd1, 0xbd, 0x34, 0xcc, 0x4a, 0xcc,
    0xd4, 0x80, 0xdc, 0x09, 0xd7, 0x42, 0xd6, 0xa0, 0xfb, 0xa7, 0x74, 0xbe, 0x6b, 0xf0, 0xf0, 0x06,
    0xa8, 0x42, 0x8e, 0xf0, 0x0a, 0x01, 0xaf, 0x95, 0x82, 0xe8, 0x26, 0xf0, 0x59, 0x82, 0x0a, 0xed,
    0x01, 0x9c, 0x93, 0x1e, 0xfa, 0xb3, 0xec, 0x8c, 0xdf, 0xda, 0x1e, 0xa9, 0xc7, 0x04, 0x50, 0x94,
    0xb1, 0xb5, 0x71, 0xf1, 0x46, 0x31, 0x9e, 0x45, 0xcc, 0x14, 0x04, 0x31, 0x83, 0x2b, 0x27, 0xcc,
    0x7f, 0x9c, 0x07, 0x46, 0xc5, 0x61, 0x7e, 0xe9, 0xf8, 0xd8, 0x6c, 0xa1, 0x03, 0xf4, 0xe0, 0xe2,
    0x00, 0x53, 0xa0, 0xa1, 0x14, 0x74, 0x4f, 0x79, 0x1b, 0xad, 0x9e, 0x98, 0xb1, 0x70, 0x72, 0xd3,
    0xc5, 0xf0, 0x5a, 0x5b, 0x7f, 0xf1, 0xe9, 0xd5, 0x34, 0x01, 0x7a, 0xf9, 0xd7, 0x5e, 0xe3, 0xd7,
    0xcb, 0x04, 0x3a, 0x14, 0x68, 0xe4, 0xe4, 0x9b, 0x22, 0x03, 0x79, 0x76, 0xc0, 0xea, 0xc0, 0x5b,
    0xd9, 0x4f, 0x40, 0x88, 0x16, 0x15, 0x83, 0xa2, 0x06, 0x2d, 0x21, 0x57, 0x9e, 0xa5, 0x40, 0xa0,
    0x9a, 0xf7, 0x9d, 0xa0, 0xbb, 0x46, 0xac, 0x53, 0x55, 0x39, 0xa6, 0xff, 0xb7, 0x9e, 0x8d, 0x75,
    0xf6, 0x41, 0xe6, 0xa9, 0x17, 0x22, 0x6d, 0x7a, 0x89, 0xdf, 0x65, 0x9a, 0x4b, 0x15, 0x14, 0x9e,
    0xe6, 0x16, 0x87, 0x59, 0x82, 0xa5, 0xf9, 0xa5, 0xe7, 0x07, 0x57, 0x59, 0x6a, 0xbf, 0x92, 0xd1,
    0x29, 0x88, 0xbc, 0x5d, 0x6d, 0x44, 0x95, 0x3b, 0xb3, 0xa1, 0x80, 0x3b, 0x6d, 0xaa, 0x63, 0xa1,
    0xba, 0x5a, 0x8f, 0x80, 0xd9, 0x1a, 0x10, 0x19, 0x48, 0xa6, 0x41, 0xc1, 0x06, 0x7b, 0xf1, 0x91,
    0x26, 0x0c, 0x17, 0xa8, 0xe7, 0xed, 0xe2, 0x02, 0x4f, 0xc8, 0x03, 0x3c, 0x35, 0x0e, 0x10, 0xde,
    0x39, 0xe5, 0x84, 0x44, 0x88, 0xdf, 0xb9, 0x51, 0x06, 0x35, 0x65, 0x00, 0x3a, 0xa6, 0x11, 0x45,
    0x58, 0xae, 0x29, 0x8d, 0x88, 0x21, 0x7a, 0x07, 0xfc, 0x8f, 0x38, 0xcf, 0x51, 0x2a, 0xe4, 0xb5,
    0x7a, 0x82, 0xfa, 0x52, 0xb1, 0xf7, 0x16, 0x71, 0xe3, 0xd7, 0x3d, 0x66, 0x23, 0xcf, 0x0b, 0x1e,
    0x1b, 0xe0, 0x6a, 0x8c, 0x00, 0x8b, 0x01, 0x8b, 0x07, 0xb4, 0xbe, 0xce, 0xbb, 0x05, 0x64, 0x89,
    0xcb, 0x87, 0x5b, 0x6c, 0xed, 0x52, 0x3a, 0xaf, 0x93, 0x7f, 0x99, 0xa2, 0xc0, 0x58, 0xfb, 0xd6,
    0x9e, 0x6c, 0x0b, 0x30, 0xdb, 0x26, 0x53, 0x1f, 0x10, 0x8d, 0x1e, 0x6a, 0xe0, 0xbf, 0x36, 0x34,
    0xaa, 0xb3, 0x16, 0x8c, 0x2d, 0x0b, 0x98, 0x54, 0x29, 0xb3, 0x77, 0x82, 0x52, 0x29, 0x66, 0x98,
    0xac, 0xab, 0x6d, 0xa6, 0xea, 0x41, 0x82, 0x13, 0x07, 0x5a, 0x4b, 0xb2, 0xa1, 0x26, 0x58, 0xa2,
    0x21, 0xcb, 0x69, 0xb5, 0x55, 0x92, 0x89, 0x2a, 0xde, 0x4e, 0x59, 0x5e, 0xa3, 0x98, 0x22, 0xb9,
    0x2b, 0x4c, 0x19, 0x99, 0x68, 0x76, 0x6e, 0x21, 0x41, 0x91, 0x54, 0x56, 0x59, 0x96, 0x56, 0xea,
    0xc2, 0xb8, 0x99, 0x58, 0x4a, 0x9c, 0x58, 0xac, 0x67, 0xad, 0xa9, 0x42, 0x8b, 0x6c, 0x43, 0x50,
    0x6a, 0x97, 0x80, 0xa7, 0x8b, 0x00, 0xf7, 0x80, 0x20, 0x38, 0x6c, 0x9b, 0x95, 0xae, 0xf0, 0x60,
    0xba, 0xb6, 0x87, 0x47, 0x44, 0x0c, 0xf4, 0x66, 0xdd, 0x6d, 0xb1, 0x0b, 0x26, 0xd8, 0xa6, 0xd3,
    0xf2, 0xdf, 0x85, 0x36, 0x22, 0xf4, 0xfa, 0xee, 0xad, 0x0f, 0x44, 0x1d, 0x3d, 0x85, 0xfa, 0xf0,
    0x73, 0xd9, 0xe0, 0x2b, 0xec, 0x4c, 0x42, 0x1c, 0x18, 0xe1, 0x2f, 0x2f, 0x40, 0xe7, 0xfb, 0xde,
    0x0f, 0xd2, 0x0b, 0x48, 0x16, 0x9c, 0xe6, 0x18, 0x0d, 0xd6, 0xfd, 0x12, 0xb7, 0x45, 0x7a, 0xc0,
    0xdd, 0x80, 0x24, 0xc0, 0x36, 0x93, 0x23, 0x59, 0x62, 0x0a, 0x70, 0xac, 0xca, 0x1a, 0xd5, 0xb1,
    0x7e, 0xf1, 0x47, 0x65, 0x88, 0x67, 0x2a, 0x67, 0xa8, 0xd0, 0xef, 0x69, 0xc8, 0x2d, 0xf7, 0x05,
    0x1a, 0x51, 0xb5, 0x59, 0x6d, 0xf7, 0x9a, 0xb6, 0x22, 0xa1, 0x77, 0xd7, 0x01, 0x7d, 0x51, 0x01,
    0x61, 0xff, 0x0b, 0x3e, 0x79, 0x35, 0x5e, 0x43, 0x6a, 0xb5, 0x66, 0x21, 0x5f, 0x72, 0xa7, 0x60,
    0xaa, 0x62, 0x6e, 0xa9, 0x52, 0x46, 0xdf, 0x96, 0xdb, 0x70, 0xbc, 0x89, 0xde, 0x05, 0x7d, 0x66,
    0x17, 0x4d, 0xe7, 0x79, 0x69, 0x76, 0xd5, 0xa8, 0x2e, 0x12, 0x57, 0x80, 0x8e, 0xa5, 0xa5, 0x12,
    0x97, 0x14, 0xaa, 0x67, 0xa1, 0x11, 0x46, 0xa6, 0x59, 0xb5, 0xe9, 0x65, 0x0d, 0x86, 0x49, 0xb0,
    0x99, 0x52, 0xa9, 0x67, 0xab, 0x99, 0x6e, 0x95, 0x9f, 0xb3, 0xad, 0x49, 0x94, 0x80, 0xb4, 0xae,
    0xbd, 0x8e, 0x75, 0x3a, 0x94, 0x92, 0x81, 0x00, 0x2a, 0x7e, 0x6d, 0x41, 0x4c, 0xdd, 0xae, 0x4a,
    0x58, 0x27, 0xdb, 0xd0, 0x1e, 0x1a, 0xb8, 0x82, 0x6b, 0x3f, 0x1f, 0x62, 0x27, 0xf2, 0x5b, 0x29,
    0xfc, 0x13, 0x09, 0xfb, 0x43, 0xf1, 0x30, 0x35, 0x10, 0x6a, 0xbe, 0x31, 0x34, 0xeb, 0x73, 0xae,
    0x66, 0x76, 0xc4, 0x2b, 0x80, 0x0f, 0xaf, 0xb9, 0xbc, 0xb9, 0x69, 0x85, 0x28, 0x47, 0x40, 0xb7,
    0x83, 0x1c, 0xab, 0xfb, 0xf3, 0x57, 0xaf, 0x4f, 0xb0, 0x01, 0x99, 0x1b, 0xe9, 0x13, 0x7d, 0x90,
    0x3e, 0x11, 0xcb, 0xa3, 0xe6, 0x37, 0x88, 0x20, 0xae, 0xcd, 0x85, 0x66, 0xcb, 0x00, 0x56, 0x31,
    0x65, 0x70, 0x50, 0x07, 0x0b, 0x2a, 0x8f, 0x65, 0x48, 0xf4, 0x09, 0x91, 0x1f, 0x63, 0xfd, 0x4a,
    0x60, 0x99, 0x7a, 0x3a, 0x00, 0x70, 0x0f, 0xa3, 0x0a, 0x42, 0xea, 0x4f, 0x09, 0xec, 0xb8, 0x00,
    0x86, 0xa2, 0x9f, 0x53, 0x68, 0x21, 0x30, 0xe8, 0xa2, 0x59, 0x68, 0xba, 0x95, 0x26, 0x8a, 0x66,
    0xae, 0x9b, 0x66, 0x68, 0xaf, 0x05, 0x52, 0x44, 0xa6, 0x58, 0x14, 0xc5, 0x51, 0xe8, 0x11, 0xe5,
    0xc4, 0x14, 0x05, 0xb6, 0x79, 0x9a, 0x60, 0xa2, 0x8a, 0x78, 0x96, 0x9f, 0xd5, 0x74, 0x28, 0x92,
    0x56, 0x44, 0x1a, 0xa8, 0x11, 0xaa, 0x46, 0x2b, 0xd5, 0x55, 0xae, 0xce, 0xc5, 0x6f, 0x0a, 0x18,
    0x66, 0x5a, 0x7e, 0x19, 0x46, 0xae, 0x40, 0x56, 0x44, 0xb6, 0x80, 0x41, 0x46, 0xbf, 0x69, 0xd5,
    0xd1, 0x5a, 0x43, 0xca, 0xbc, 0x3f, 0x48, 0x3f, 0x60, 0x81, 0xd1, 0x81, 0x14, 0xd1, 0xed, 0x1a,
    0xcc, 0x1d, 0x38, 0xfb, 0x0b, 0xe8, 0xb6, 0x1e, 0xcd, 0xc4, 0x7e, 0x52, 0xd5, 0x91, 0x07, 0x5a,
    0xd9, 0xc2, 0xb3, 0x51, 0xb6, 0x8a, 0xae, 0x4a, 0x5b, 0x6b, 0xaf, 0x05, 0xf0, 0x8a, 0x36, 0x0e,
    0x3b, 0xb2, 0xaa, 0x77, 0x76, 0xb6, 0x9d, 0x1f, 0x86, 0x1d, 0x2b, 0x59, 0xfe, 0x60, 0xa3, 0x99,
    0x1c, 0xca, 0x69, 0x09, 0x27, 0xb0, 0xaa, 0x1e, 0x1a, 0xae, 0x39, 0x21, 0xd5, 0x44, 0x2e, 0x5f,
    0x45, 0x02, 0x0e, 0x06, 0x42, 0x1b, 0x10, 0xcf, 0x02, 0xf5, 0x2f, 0x3c, 0x36, 0x42, 0x06, 0x04,
    0xdd, 0x08, 0x3f, 0x32, 0xe5, 0xa1, 0x2e, 0xc0, 0xd6, 0x24, 0xa1, 0x05, 0xbd, 0xe2, 0x01, 0xa7,
    0x9b, 0xc3, 0x22, 0xfe, 0xdc, 0x1f, 0x27, 0x92, 0x0a, 0x73, 0x08, 0x60, 0x91, 0xb7, 0x24, 0xd6,
    0xc3, 0x81, 0x1c, 0x9b, 0x72, 0x1d, 0x27, 0xee, 0xdb, 0xc6, 0x21, 0x17, 0x62, 0x2c, 0x9d, 0x46,
    0xc4, 0xa9, 0xa1, 0x6e, 0x4a, 0x9a, 0xb9, 0x94, 0x9a, 0x96, 0x50, 0x95, 0x67, 0xd8, 0x4b, 0x3a,
    0x47, 0x96, 0xa8, 0x3e, 0xe6, 0x53, 0xa9, 0x99, 0x03, 0xf6, 0xa6, 0xae, 0xa6, 0xa2, 0x21, 0xad,
    0x95, 0xc7, 0xf5, 0x5c, 0x3e, 0xa1, 0xd8, 0x9d, 0x42, 0x59, 0x1e, 0xbc, 0xaa, 0x72, 0xae, 0x4d,
    0x54, 0x91, 0xb6, 0x66, 0x8a, 0xaa, 0x75, 0x44, 0x97, 0xbe, 0x92, 0x40, 0xb0, 0x49, 0xb7, 0x45,
    0x46, 0xbf, 0x60, 0xad, 0x20, 0x33, 0x4c, 0xb9, 0xc6, 0x80, 0x0c, 0x81, 0x0b, 0xb4, 0x1b, 0x3e,
    0xb3, 0x72, 0x39, 0xc8, 0x14, 0xa2, 0x58, 0x53, 0x70, 0x94, 0x05, 0xb2, 0x58, 0x5d, 0x28, 0xbe,
    0x37, 0xda, 0x6f, 0x00, 0xbb, 0x80, 0x34, 0x60, 0xd5, 0x61, 0xa6, 0x90, 0x1a, 0x6d, 0x7a, 0xa6,
    0x82, 0x5b, 0xbb, 0x63, 0xa4, 0x00, 0x0c, 0xd4, 0xd6, 0x7f, 0x76, 0x50, 0x7c, 0x38, 0x7b, 0x01,
    0xb2, 0x25, 0xf3, 0xc5, 0x4d, 0x82, 0xfb, 0x40, 0x49, 0x5f, 0xcc, 0x68, 0xbb, 0x60, 0xd0, 0xfd,
    0x49, 0xb2, 0xf3, 0x0e, 0xde, 0x8c, 0x2a, 0x21, 0x03, 0x74, 0xd0, 0x22, 0x96, 0xda, 0xd9, 0xeb,
    0x11, 0x2a, 0x7a, 0x19, 0x66, 0x51, 0x4a, 0xe0, 0xd8, 0x7e, 0x56, 0x33, 0xcd, 0xc5, 0x41, 0xfc,
    0xac, 0x1d, 0x31, 0x6c, 0xa8, 0x06, 0xec, 0x4d, 0x0e, 0x43, 0xf1, 0x4a, 0xf0, 0x40, 0x1a, 0x85,
    0xeb, 0x0b, 0xa0, 0xce, 0x13, 0x1f, 0xdf, 0x7d, 0xf9, 0xce, 0xc1, 0x9b, 0xb9, 0x57, 0x8e, 0x98,
    0x92, 0x96, 0x66, 0xae, 0x58, 0x95, 0x21, 0xa6, 0x5c, 0x19, 0x7d, 0x42, 0xc7, 0x6c, 0x59, 0x01,
    0x45, 0x6a, 0x9b, 0x48, 0x83, 0xaf, 0x29, 0x66, 0x69, 0x43, 0x26, 0xea, 0xb6, 0xc4, 0x02, 0x45,
    0xd5, 0xaa, 0x3e, 0xc5, 0x5a, 0x15, 0x9d, 0x11, 0xa9, 0x2a, 0x45, 0xbb, 0x20, 0x1f, 0x5e, 0x5a,
    0x45, 0x7e, 0x58, 0x47, 0xfb, 0x17, 0x82, 0x58, 0x66, 0x12, 0x9e, 0xd6, 0x95, 0x56, 0xba, 0xa5,
    0x80, 0x59, 0x78, 0xb0, 0x83, 0x90, 0xa1, 0x65, 0x5c, 0xb3, 0x34, 0x53, 0xb2, 0x80, 0x4c, 0x45,
    0xb3, 0x38, 0x12, 0x13, 0x50, 0xd0, 0xcb, 0x92, 0xba, 0x34, 0x5d, 0x2b, 0xc4, 0x60, 0x23, 0x40,
    0x17, 0x56, 0x89, 0x19, 0x37, 0x6e, 0xc0, 0xb6, 0xd3, 0x0c, 0x26, 0x44, 0x72, 0x9a, 0x11, 0x01,
    0x71, 0x2a, 0xab, 0x45, 0x29, 0x47, 0x42, 0xbd, 0x35, 0xf9, 0xab, 0x13, 0x20, 0x2a, 0xaf, 0xdc,
    0x0b, 0x5a, 0xde, 0x10, 0xcc, 0x13, 0x2e, 0x4c, 0x3c, 0xec, 0x29, 0xab, 0x66, 0xab, 0x26, 0x52,
    0x07, 0x8d, 0x2c, 0x97, 0x8a, 0x81, 0xdf, 0x8a, 0xac, 0xee, 0x39, 0x21, 0x85, 0x2d, 0x85, 0xa7,
    0xa4, 0x5b, 0x11, 0x71, 0x07, 0xf7, 0x00, 0xb6, 0x37, 0xde, 0x61, 0xb6, 0xf4, 0xef, 0x98, 0xfc,
    0x4a, 0x71, 0xd0, 0xe3, 0x0a, 0xac, 0x18, 0x3c, 0x34, 0x27, 0x71, 0xc6, 0x5b, 0x01, 0x21, 0xb2,
    0x34, 0xdd, 0xaa, 0x55, 0x35, 0xc1, 0x33, 0x0e, 0x63, 0xd6, 0x40, 0x6d, 0x96, 0x4d, 0x58, 0xa9,
    0x28, 0x36, 0x45, 0x7e, 0x93, 0xe8, 0x9d, 0xe3, 0xab, 0x9b, 0x95, 0x29, 0x10, 0x2a, 0x61, 0x94,
    0x39, 0x65, 0x96, 0xc2, 0x55, 0x99, 0x56, 0x9a, 0xaa, 0x59, 0xa5, 0xab, 0x5a, 0x75, 0xa8, 0x16,
    0x49, 0xed, 0x66, 0xa9, 0x14, 0x1a, 0x9a, 0xda, 0x8d, 0x99, 0x15, 0xa4, 0x4a, 0xd1, 0xa6, 0x54,
    0x8f, 0x62, 0x76, 0xa8, 0x5b, 0xa2, 0x46, 0x2b, 0x9a, 0x4e, 0xee, 0x8d, 0x9a, 0x99, 0xb1, 0x80,
    0x5a, 0xad, 0x6d, 0x6c, 0x3d, 0x93, 0x57, 0xab, 0x93, 0xba, 0x5e, 0x68, 0x90, 0x6e, 0xe1, 0x80,
    0xe2, 0xa3, 0x21, 0x6c, 0xb8, 0x8a, 0x3e, 0x22, 0xbb, 0x8e, 0x5a, 0xcb, 0x05, 0x4b, 0x05, 0x8d,
    0x52, 0xf7, 0xc6, 0x57, 0x9f, 0x1e, 0xe9, 0xbc, 0x25, 0xee, 0x01, 0x85, 0x5f, 0x74, 0x80, 0xe4,
    0xf8, 0xb1, 0x73, 0x4a, 0xd0, 0x55, 0x2e, 0xbc, 0x9d, 0x0c, 0x22, 0x39, 0x90, 0xaf, 0xed, 0x98,
    0xc9, 0x99, 0x42, 0xdd, 0xd4, 0x30, 0x56, 0xbe, 0x53, 0x2d, 0xea, 0xc7, 0x48, 0x09, 0x65, 0xa7,
    0x50, 0x4c, 0x0f, 0x58, 0x19, 0x4f, 0x32, 0xb2, 0xdb, 0xb7, 0x9b, 0x2d, 0xe7, 0xa3, 0xe2, 0x01,
    0x45, 0x9f, 0x19, 0xdd, 0x86, 0x42, 0x1c, 0xc9, 0xc1, 0xc7, 0x0d, 0x8b, 0xd9, 0xf8, 0x3a, 0x4c,
    0x0c, 0x23, 0x43, 0x9d, 0x03, 0xc1, 0xff, 0x3f, 0xbd, 0x51, 0x98, 0xeb, 0x97, 0xc8, 0x70, 0xa7,
    0x25, 0xc4, 0xb9, 0x0a, 0x3b, 0x09, 0xf6, 0xe3, 0x01, 0x42, 0x00, 0x00, 0xde, 0xcf, 0xf5, 0xe6,
    0xa3, 0x9a, 0x24, 0x25, 0xda, 0xfe, 0x15, 0xe9, 0xda, 0x16, 0x69, 0xad, 0x62, 0x34, 0xc6, 0x99,
    0x45, 0x96, 0xe9, 0xae, 0x6d, 0xe0, 0x95, 0x64, 0xa5, 0x41, 0x80, 0x78, 0x75, 0x0e, 0x57, 0xa5,
    0x24, 0xa4, 0x0e, 0x6d, 0xaa, 0x5e, 0x66, 0x95, 0x9d, 0x6e, 0x99, 0x6f, 0xe5, 0x4f, 0x91, 0xaa,
    0x56, 0x95, 0x8a, 0x97, 0x86, 0xda, 0x19, 0x18, 0xdc, 0x6b, 0xd4, 0x12, 0x55, 0x45, 0x95, 0x12,
    0x86, 0x41, 0x59, 0x69, 0x80, 0xbe, 0x33, 0x5a, 0xc1, 0xa4, 0x44, 0x6d, 0x48, 0xa5, 0x9b, 0xa0,
    0x1d, 0x01, 0xae, 0x7c, 0xb7, 0x2a, 0xf9, 0x8e, 0x60, 0x87, 0x1c, 0xbf, 0x6d, 0xb4, 0x8b, 0x9e,
    0x91, 0xb7, 0xb6, 0xe6, 0x22, 0x96, 0x08, 0x25, 0x32, 0x48, 0xf6, 0xe2, 0x03, 0x71, 0xc0, 0xa6,
    0xe1, 0x05, 0xc9, 0x12, 0xfb, 0x07, 0x28, 0xf4, 0x75, 0x19, 0x76, 0x8f, 0xc0, 0xe0, 0xed, 0x6d,
    0x4f, 0x8b, 0xd5, 0x54, 0xa3, 0xf8, 0x2f, 0x20, 0xc0, 0x51, 0xf2, 0x3d, 0x3a, 0xc4, 0xa6, 0x0f,
    0xf3, 0x00, 0x6e, 0x9a, 0x8c, 0xac, 0xcc, 0x90, 0xeb, 0x7a, 0x5d, 0x01, 0xfa, 0x7d, 0x2c, 0x51,
    0x0d, 0x09, 0xe7, 0x6b, 0x9c, 0xfe, 0x92, 0xe4, 0xbb, 0x9b, 0x68, 0x4b, 0x81, 0x54, 0x66, 0x1a,
    0x38, 0xd1, 0x61, 0xc3, 0x5c, 0xa9, 0xc8, 0x1a, 0x15, 0x61, 0xd0, 0x0f, 0x56, 0x67, 0xcc, 0xb8,
    0xd3, 0x31, 0x41, 0x93, 0x10, 0xda, 0x65, 0x12, 0x62, 0x28, 0x40, 0x89, 0x72, 0x87, 0x70, 0x38,
    0x11, 0xc8, 0x19, 0x8d, 0x4a, 0x39, 0xd4, 0x69, 0xb6, 0xaa, 0x8a, 0x91, 0x65, 0x52, 0x55, 0xb6,
    0x64, 0xaa, 0x5b, 0x62, 0x55, 0xaa, 0x41, 0x9d, 0x82, 0x96, 0x45, 0x52, 0xa4, 0xa9, 0xb0, 0xb6,
    0x5e, 0x3d, 0x9d, 0x55, 0x65, 0x56, 0x95, 0x96, 0xf8, 0x19, 0x91, 0x06, 0x7a, 0xa9, 0x49, 0xe4,
    0x76, 0xe6, 0x66, 0x65, 0x46, 0x12, 0xe9, 0x05, 0x28, 0x84, 0x97, 0x55, 0xeb, 0x6a, 0x70, 0x46,
    0xa2, 0x84, 0x80, 0x94, 0x64, 0xaa, 0x5a, 0x5e, 0x83, 0x9b, 0x7f, 0x5f, 0x52, 0x73, 0xa7, 0x59,
    0x7b, 0x87, 0x56, 0x01, 0xcc, 0x02, 0x5c, 0xe5, 0x07, 0x02, 0x92, 0xaa, 0x4d, 0xab, 0x91, 0xa0,
    0x9e, 0xde, 0xfc, 0xbd, 0xfb, 0x74, 0xa6, 0x81, 0xc0, 0x62, 0x1a, 0x75, 0xd3, 0x7f, 0x30, 0x71,
    0xcb, 0x51, 0x9e, 0x40, 0xe4, 0x78, 0xe2, 0x27, 0x02, 0xb0, 0x99, 0x02, 0xe7, 0x89, 0x4e, 0xfb,
    0xe7, 0x1f, 0x65, 0x4e, 0x3e, 0xef, 0x7d, 0xfd, 0x7f, 0x40, 0x52, 0x66, 0xda, 0xd0, 0x13, 0xab,
    0x5f, 0x11, 0xfe, 0xfc, 0xc4, 0x1b, 0x4e, 0xe9, 0x2a, 0x63, 0x00, 0xb0, 0x95, 0x04, 0x2b, 0xaa,
    0x03, 0x5a, 0x04, 0x4a, 0x32, 0xe3, 0x7b, 0x61, 0x01, 0x0d, 0x51, 0x3d, 0xcf, 0x7d, 0x24, 0x65,
    0xc0, 0x7e, 0x0a, 0xa7, 0x8b, 0x34, 0x57, 0xba, 0x87, 0xf3, 0x53, 0x6b, 0x0d, 0xc1, 0xac, 0x0c,
    0xe3, 0x90, 0x2c, 0x35, 0x6a, 0x16, 0x71, 0xc7, 0xac, 0xf8, 0x41, 0xdc, 0x45, 0x1e, 0x00, 0x26,
    0x6c, 0xb0, 0xdd, 0xdf, 0x6b, 0x4e, 0x89, 0x4a, 0xea, 0x92, 0x65, 0x19, 0xba, 0xfe, 0xa9, 0x20,
    0x14, 0xaa, 0xaa, 0x95, 0xe9, 0x13, 0xaa, 0x24, 0xdd, 0x63, 0x4c, 0x72, 0xd7, 0x19, 0xde, 0x12,
    0x59, 0x17, 0x12, 0x2c, 0xda, 0x9b, 0xa5, 0x8b, 0xa5, 0x5b, 0xcf, 0xa4, 0x15, 0xd7, 0x70, 0xd4,
    0x2a, 0xb3, 0x67, 0x77, 0x5e, 0x1b, 0x9a, 0x59, 0x47, 0x55, 0xf4, 0x9a, 0x99, 0x92, 0x52, 0x64,
    0x97, 0x99, 0x54, 0xb2, 0x30, 0xdb, 0x38, 0x34, 0x3e, 0xae, 0x3e, 0x33, 0xc7, 0x47, 0x98, 0x5b,
    0x80, 0x9b, 0xb1, 0x67, 0xe1, 0x01, 0x18, 0xf2, 0x71, 0x38, 0xa6, 0x3c, 0x0a, 0xc8, 0x6e, 0x31,
    0x97, 0x81, 0x75, 0xd0, 0x04, 0x10, 0xdd, 0x4c, 0x17, 0x3c, 0x12, 0x1e, 0x86, 0xde, 0xc3, 0xf9,
    0x60, 0x2b, 0x50, 0x20, 0xc0, 0x96, 0xfb, 0xbe, 0x5b, 0xa0, 0xa6, 0x1d, 0x71, 0x3c, 0xac, 0x08,
    0xeb, 0x30, 0x4d, 0x48, 0xbc, 0x27, 0x89, 0x5d, 0xf9, 0xf0, 0xa6, 0x30, 0x27, 0x40, 0x32, 0x01,
    0x38, 0x0d, 0x45, 0xfb, 0x00, 0xfb, 0xa1, 0x48, 0x0a, 0x7d, 0x50, 0x41, 0x7d, 0x55, 0x7d, 0x0f,
    0xcd, 0x5c, 0xaf, 0x6b, 0x0a, 0xdc, 0x0f, 0x0f, 0xd0, 0x51, 0xe9, 0xdb, 0xb0, 0xd8, 0x1c, 0xc0,
    0xd8, 0xdf, 0xc3, 0x50, 0x0c, 0x59, 0xa3, 0xab, 0xe8, 0x6c, 0x1d, 0xf0, 0x58, 0xe0, 0x78, 0x2e,
    0xf4, 0x0c, 0x46, 0xd4, 0xad, 0xc0, 0x60, 0x7c, 0xda, 0xdc, 0x3d, 0x3e, 0x49, 0x35, 0x12, 0x5b,
    0xb3, 0x54, 0x00, 0xd4, 0x3a, 0x03, 0x6a, 0x92, 0x93, 0x29, 0x37, 0x32, 0x7d, 0x99, 0xa6, 0x98,
    0x0a, 0xe1, 0xa2, 0xa6, 0x84, 0x64, 0x95, 0xa2, 0x4a, 0x6a, 0x6a, 0x82, 0xa9, 0x95, 0x86, 0x98,
    0x9e, 0x25, 0x9c, 0x7a, 0x99, 0x66, 0x08, 0x55, 0x61, 0xad, 0xe5, 0x66, 0x5a, 0x51, 0xe6, 0x4d,
    0x6e, 0x05, 0x96, 0xd5, 0xb9, 0x29, 0x73, 0x86, 0x2a, 0x86, 0x1a, 0x82, 0x04, 0x49, 0x5b, 0x65,
    0x55, 0x5c, 0x1a, 0xf7, 0x68, 0x26, 0x26, 0x80, 0x41, 0x45, 0xb8, 0x3d, 0x61, 0xa8, 0xce, 0xd4,
    0x2b, 0x34, 0xc8, 0x2a, 0x36, 0xd0, 0xb2, 0x82, 0xc7, 0xf1, 0xeb, 0x4a, 0x10, 0x8d, 0xab, 0x7e,
    0xf5, 0xf2, 0x58, 0x58, 0xc4, 0x0d, 0x26, 0x83, 0xef, 0x9e, 0xd9, 0x27, 0xc5, 0x5a, 0x70, 0x8e,
    0x61, 0x9f, 0x33, 0x7d, 0x42, 0x1b, 0xe3, 0x9a, 0x0d, 0x17, 0x8e, 0x21, 0x7a, 0xee, 0x07, 0x82,
    0x9b, 0x05, 0xee, 0x7e, 0xbd, 0x7d, 0xf3, 0x81, 0x81, 0xc0, 0xda, 0x18, 0xe7, 0x33, 0x9c, 0x59,
    0x59, 0x0f, 0x3f, 0x56, 0x02, 0xeb, 0xa5, 0xcf, 0x02, 0x8f, 0x70, 0x79, 0x6c, 0xf0, 0x6a, 0x02,
    0x2a, 0x67, 0x31, 0x6d, 0x4b, 0xbc, 0x1c, 0x96, 0x7d, 0xa5, 0xf4, 0x1c, 0xb2, 0x30, 0x52, 0xf6,
    0x0e, 0x26, 0xfb, 0x48, 0x82, 0x21, 0x01, 0xec, 0x26, 0x78, 0x1a, 0x45, 0xac, 0x50, 0x30, 0xe2,
    0x04, 0x47, 0x4c, 0xbe, 0x7a, 0x52, 0x26, 0x07, 0x8b, 0xf0, 0xea, 0xb7, 0x35, 0x0f, 0xa8, 0x9d,
    0xb4, 0x60, 0xaa, 0x83, 0xf9, 0xc8, 0xfa, 0x70, 0xa5, 0x96, 0x66, 0x5b, 0x44, 0xc2, 0x19, 0xd5,
    0x67, 0x96, 0x18, 0x44, 0x55, 0xa9, 0x97, 0x52, 0x89, 0x22, 0x46, 0x99, 0x7d, 0xa6, 0x58, 0x9d,
    0x62, 0x88, 0x56, 0x9b, 0x2c, 0x4a, 0x5a, 0xba, 0x4f, 0x96, 0x97, 0xaa, 0x91, 0xa0, 0xd6, 0x55,
    0xa0, 0x60, 0x73, 0xc5, 0xee, 0x64, 0x59, 0x1c, 0x75, 0x7a, 0x31, 0x5d, 0x6a, 0x18, 0xba, 0xb0,
    0x06, 0xc2, 0xa8, 0x54, 0xaa, 0x7a, 0x5f, 0x9a, 0x6d, 0xa8, 0xbd, 0x5f, 0x99, 0xb6, 0xa9, 0x80,
    0xcd, 0xb3, 0xc7, 0x46, 0x50, 0x45, 0x47, 0x54, 0xd6, 0x01, 0xc5, 0xf8, 0xcb, 0x05, 0x6a, 0xe5,
    0x32, 0x11, 0xb6, 0xe1, 0x10, 0x18, 0x57, 0xa3, 0xdc, 0xc2, 0x9a, 0x01, 0x57, 0x0d, 0x97, 0x24,
    0xfe, 0x80, 0x62, 0x68, 0x16, 0xbd, 0x6a, 0x5f, 0xd3, 0xcf, 0x5f, 0x70, 0x0d, 0x00, 0x24, 0x4c,
    0x4a, 0xca, 0x87, 0x4e, 0x70, 0xd8, 0x81, 0x3e, 0xff, 0x95, 0xb7, 0x3e, 0xad, 0x85, 0x6b, 0xa6,
    0x43, 0x9b, 0x0b, 0x43, 0xb7, 0x70, 0x48, 0x45, 0x2a, 0xde, 0x20, 0x91, 0x03, 0x51, 0x70, 0x29,
    0x85, 0xf1, 0x72, 0xbc, 0x8e, 0x1e, 0x13, 0x75, 0xb1, 0xf1, 0xcb, 0xcc, 0x56, 0xee, 0xec, 0x48,
    0x78, 0xd1, 0x17, 0x58, 0x8f, 0x52, 0x34, 0x89, 0x30, 0x9f, 0x18, 0x00, 0xd0, 0x70, 0xa5, 0x0a,
    0xe0, 0xb1, 0x19, 0xa0, 0x3a, 0xf8, 0x79, 0xab, 0xeb, 0xc1, 0x43, 0xd9, 0xd0, 0xac, 0x61, 0x0f,
    0xe3, 0x36, 0x29, 0x79, 0xe2, 0x8c, 0x84, 0x60, 0xf8, 0x0c, 0x1a, 0x6e, 0x9d, 0x2e, 0xd1, 0x81,
    0xeb, 0x53, 0x29, 0xde, 0x40, 0x24, 0x35, 0xc5, 0x52, 0x5e, 0x6a, 0xa6, 0x95, 0xbd, 0xa4, 0xaa,
    0x85, 0x57, 0x18, 0xe6, 0x8a, 0x81, 0x76, 0x7e, 0x96, 0x55, 0x56, 0xce, 0x4e, 0x9c, 0x46, 0x10,
    0xe6, 0x2f, 0xaa, 0xa0, 0xd9, 0xee, 0x87, 0xa2, 0x95, 0x89, 0xc8, 0x19, 0x63, 0x95, 0x96, 0xa6,
    0xae, 0x74, 0x85, 0x5e, 0x55, 0x6b, 0x49, 0x59, 0x71, 0x28, 0x4a, 0x65, 0x43, 0xab, 0x50, 0x5e,
    0x44, 0x80, 0x6d, 0xb3, 0xbf, 0xa6, 0xb6, 0x63, 0xa6, 0x8b, 0x9c, 0x01, 0x92, 0xc0, 0x4a, 0x68,
    0x9d, 0xe0, 0xd1, 0x17, 0x4e, 0x61, 0x8f, 0xe2, 0x51, 0xe4, 0xe2, 0x9f, 0x69, 0xa7, 0x16, 0x06,
    0xfa, 0xe1, 0x6e, 0x6e, 0xb5, 0x4f, 0x86, 0x51, 0xa1, 0x7a, 0xf4, 0x5c, 0xab, 0x0f, 0xbc, 0xbf,
    0x12, 0xfd, 0x62, 0x4b, 0x0c, 0xc4, 0x15, 0x40, 0xa3, 0x6d, 0x74, 0xf9, 0xe3, 0x0b, 0x65, 0xe1,
    0x85, 0x07, 0x80, 0xb0, 0x0a, 0x02, 0x89, 0x5b, 0x49, 0xff, 0xfa, 0x3c, 0xf1, 0x3b, 0xe5, 0x89,
    0x62, 0x72, 0x48, 0xcb, 0xed, 0xff, 0x2a, 0x77, 0xfd, 0xd7, 0x14, 0x5f, 0x96, 0x98, 0x0d, 0x04,
    0xe0, 0xf8, 0xe1, 0x03, 0x71, 0xb3, 0x1a, 0xc9, 0x34, 0x70, 0x82, 0x31, 0xb0, 0xf0, 0x29, 0xad,
    0x50, 0x8d, 0x17, 0xca, 0x09, 0x72, 0x0d, 0xc7, 0x16, 0xd1, 0x73, 0xd6, 0x72, 0x01, 0x41, 0xdd,
    0x9d, 0x54, 0x1a, 0x44, 0x4d, 0x37, 0x0c, 0x87, 0x66, 0x54, 0xf7, 0x0c, 0x57, 0x90, 0xe4, 0x64,
    0xd8, 0x10, 0x26, 0x44, 0x2b, 0x95, 0x88, 0x62, 0xeb, 0x97, 0x5b, 0x2a, 0x26, 0x65, 0x6e, 0x4b,
    0x48, 0x1a, 0x68, 0x61, 0x95, 0x39, 0x56, 0xac, 0xd9, 0x24, 0x87, 0xfe, 0xa8, 0x64, 0xa2, 0xf6,
    0x61, 0x71, 0x89, 0x4d, 0x96, 0x29, 0x9c, 0xab, 0x14, 0x4a, 0x49, 0x29, 0x9d, 0x01, 0x9a, 0x49,
    0xa6, 0xaa, 0xda, 0x7d, 0x4a, 0xea, 0xe5, 0xbd, 0x6d, 0xe8, 0x99, 0x56, 0x2c, 0x39, 0x51, 0xa7,
    0xba, 0x61, 0xbe, 0xc2, 0x52, 0x80, 0xc5, 0x55, 0x4f, 0xc4, 0x47, 0xc2, 0x57, 0x82, 0x3b, 0xb0,
    0xc7, 0xcb, 0x53, 0x18, 0x38, 0xe0, 0x6e, 0x3b, 0x78, 0x5f, 0xa0, 0x02, 0x73, 0x87, 0x81, 0x22,
    0x92, 0xee, 0x23, 0x7d, 0x7a, 0xdd, 0xd2, 0x0b, 0x01, 0xf5, 0x0f, 0x18, 0xd0, 0x7a, 0x11, 0xc4,
    0x06, 0xbf, 0x79, 0x2e, 0x02, 0xe7, 0xdf, 0x31, 0xed, 0xdd, 0xd7, 0x9a, 0xd3, 0xf0, 0xd6, 0xe9,
    0x71, 0xf5, 0xc8, 0xe7, 0x93, 0x57, 0x8b, 0xa4, 0xff, 0x95, 0x68, 0xcc, 0x1e, 0x0c, 0x26, 0x8b,
    0x05, 0x2b, 0x40, 0x99, 0xd7, 0x27, 0x89, 0x49, 0x7f, 0xef, 0x0c, 0x54, 0xc0, 0x79, 0xab, 0x31,
    0x2c, 0xde, 0xda, 0x2b, 0x00, 0x01, 0x19, 0xf0, 0x17, 0x97, 0xb3, 0xee, 0x1a, 0x0f, 0x80, 0x15,
    0xbd, 0x19, 0xf1, 0xc0, 0xc0, 0x5f, 0x9e, 0x2b, 0xb6, 0xc2, 0x89, 0xe8, 0x9a, 0x7e, 0xd3, 0x09,
    0x2c, 0x79, 0x17, 0xaf, 0x1c, 0x0f, 0x93, 0x13, 0x55, 0x3a, 0x81, 0xbf, 0x19, 0xb4, 0x9a, 0x6a,
    0x86, 0x94, 0x9a, 0xb6, 0x1a, 0x49, 0xa9, 0xd2, 0xd5, 0x95, 0x4c, 0xc7, 0x5a, 0x65, 0xa4, 0x62,
    0x61, 0x58, 0x1a, 0x9c, 0xa6, 0xc4, 0x46, 0x29, 0x26, 0x51, 0x4d, 0x13, 0x91, 0x18, 0x62, 0x59,
    0x67, 0x20, 0xec, 0x5a, 0x59, 0x52, 0x66, 0x66, 0x6a, 0x99, 0x09, 0x59, 0x96, 0xc5, 0x82, 0xf8,
    0xe5, 0x04, 0x33, 0x62, 0x8e, 0xab, 0x7d, 0xaa, 0x75, 0xa5, 0x70, 0x74, 0xbc, 0xa5, 0x83, 0x96,
    0x69, 0xc1, 0x2b, 0x99, 0x3f, 0x5f, 0x62, 0x8a, 0x86, 0x61, 0x96, 0x33, 0x41, 0x80, 0x24, 0x02,
];
